{
  "timestamp": "2025-09-06 08:05:07",
  "args": {
    "ic": "exp2",
    "alpha": 1.0,
    "tmax": 30.0,
    "dt": 0.002,
    "out": "runs/auto/auto_beta0.448_tau1.240_d0.127_thmin0.926_kc0.202_ke0.413_knued0.300_20250906-080446_28551_8877",
    "elev": 20.0,
    "azim": -60.0,
    "eps": 1e-08,
    "G": 1.0,
    "seed": 0,
    "zero_init": false,
    "no_plots": true,
    "nu0": 0.002,
    "nu_max": 0.2,
    "turb": 0.0,
    "dtg": 1,
    "theta0": 1.0,
    "alpha_dtg": 0.6,
    "beta_dtg": 0.4484735097737544,
    "b_dtg": 0.0,
    "tau_theta": 1.2395510243212737,
    "theta_min": 0.926276155886527,
    "theta_max": 2.0,
    "dtheta_max": 0.12687449704115905,
    "k_nu": 0.0,
    "k_nu_ed": 0.3,
    "k_ctrl": 0.201647195916436,
    "k_ctrl_e": 0.41300512626869723,
    "lyap_const": 0.0,
    "no_soften_when_clamped": false,
    "R_esc": 10.0,
    "r_collide": 0.001,
    "r_bin": 0.5,
    "bin_hold": 1.0,
    "adaptive_step": false,
    "adapt_r_trigger": 0.02,
    "adapt_factor": 0.3,
    "min_max_step": 0.0002,
    "chunk": 0.5,
    "lyap_light": false,
    "lyap_light_dt": 0.01,
    "lyap_light_renorm": 50,
    "lyap_spectrum": false,
    "lyap_k": 3,
    "compare": false,
    "nu_scan": [],
    "drift_threshold": 0.05
  },
  "E0": -2.03375,
  "lyap_top": null,
  "lyap_spectrum": null,
  "lyap_score": 0.0,
  "outputs": {
    "csv": "runs/auto/auto_beta0.448_tau1.240_d0.127_thmin0.926_kc0.202_ke0.413_knued0.300_20250906-080446_28551_8877/data/threebody3d_exp2_a1.0_dtg1.csv",
    "csv_diagnostics": "runs/auto/auto_beta0.448_tau1.240_d0.127_thmin0.926_kc0.202_ke0.413_knued0.300_20250906-080446_28551_8877/data/diagnostics_exp2_a1.0_dtg1.csv",
    "fig3d": null,
    "fig_xy": null,
    "drift": null,
    "theta": null,
    "distances": null
  },
  "events": {
    "escaped": false,
    "t_escape": null,
    "collided": false,
    "t_collision": null
  },
  "binary": {
    "flag": false,
    "r_bin": 0.5,
    "hold": 1.0
  },
  "end_state": {
    "rmin": 0.8348185628325914,
    "drift": -0.006671105743271813,
    "theta": 0.995997371624211,
    "planar": false,
    "zmax": 1.5558340847917256,
    "fig8_phase": 1.2496518305160502,
    "theta_activity": 0.00013342094585963395
  },
  "provenance": {
    "python": "3.9.12 (main, Apr  5 2022, 01:52:34) \n[Clang 12.0.0 ]",
    "platform": "macOS-15.6.1-arm64-arm-64bit",
    "numpy": "1.23.3",
    "pandas": "1.4.4",
    "cmd": "three_body_3d_ns_dtg_v3_3_stable.py --ic exp2 --alpha 1.0 --tmax 30.0 --dt 0.002 --dtg 1 --alpha_dtg 0.6 --beta_dtg 0.4484735097737544 --tau_theta 1.2395510243212737 --dtheta_max 0.12687449704115905 --theta_min 0.926276155886527 --theta_max 2.0 --k_ctrl 0.201647195916436 --k_ctrl_e 0.41300512626869723 --k_nu 0.0 --k_nu_ed 0.3 --nu0 0.002 --nu_max 0.2 --out runs/auto/auto_beta0.448_tau1.240_d0.127_thmin0.926_kc0.202_ke0.413_knued0.300_20250906-080446_28551_8877 --no_plots",
    "scipy": "1.12.0"
  }
}