{
  "timestamp": "2025-09-06 08:39:14",
  "args": {
    "ic": "exp2",
    "alpha": 1.0,
    "tmax": 45.0,
    "dt": 0.002,
    "out": "runs/auto/auto_beta0.498_tau0.778_d0.143_thmin0.957_kc0.241_ke0.628_knued0.170_20250906-083846_39068_3507",
    "elev": 20.0,
    "azim": -60.0,
    "eps": 1e-08,
    "G": 1.0,
    "seed": 0,
    "zero_init": false,
    "no_plots": true,
    "nu0": 0.002,
    "nu_max": 0.2,
    "turb": 0.0,
    "dtg": 1,
    "theta0": 1.0,
    "alpha_dtg": 0.6,
    "beta_dtg": 0.4981910244715496,
    "b_dtg": 0.0,
    "tau_theta": 0.7779621100916275,
    "theta_min": 0.9567272920708706,
    "theta_max": 2.0,
    "dtheta_max": 0.14343247844849094,
    "k_nu": 0.0,
    "k_nu_ed": 0.17005302630407115,
    "k_ctrl": 0.24079079500164052,
    "k_ctrl_e": 0.6276723233614235,
    "lyap_const": 0.0,
    "no_soften_when_clamped": false,
    "R_esc": 10.0,
    "r_collide": 0.001,
    "r_bin": 0.5,
    "bin_hold": 1.0,
    "adaptive_step": true,
    "adapt_r_trigger": 0.02,
    "adapt_factor": 0.3,
    "min_max_step": 0.0002,
    "chunk": 0.5,
    "lyap_light": true,
    "lyap_light_dt": 0.01,
    "lyap_light_renorm": 50,
    "lyap_spectrum": false,
    "lyap_k": 3,
    "compare": false,
    "nu_scan": [],
    "drift_threshold": 0.05
  },
  "E0": -2.03375,
  "lyap_top": 0.7004919281109796,
  "lyap_spectrum": null,
  "lyap_score": 0.7004919281109796,
  "outputs": {
    "csv": "runs/auto/auto_beta0.498_tau0.778_d0.143_thmin0.957_kc0.241_ke0.628_knued0.170_20250906-083846_39068_3507/data/threebody3d_exp2_a1.0_dtg1.csv",
    "csv_diagnostics": "runs/auto/auto_beta0.498_tau0.778_d0.143_thmin0.957_kc0.241_ke0.628_knued0.170_20250906-083846_39068_3507/data/diagnostics_exp2_a1.0_dtg1.csv",
    "fig3d": null,
    "fig_xy": null,
    "drift": null,
    "theta": null,
    "distances": null
  },
  "events": {
    "escaped": false,
    "t_escape": null,
    "collided": false,
    "t_collision": null
  },
  "binary": {
    "flag": false,
    "r_bin": 0.5,
    "hold": 1.0
  },
  "end_state": {
    "rmin": 0.10892755478312961,
    "drift": -0.011761744757501249,
    "theta": 0.6439641619064044,
    "planar": false,
    "zmax": 2.3027949307612294,
    "fig8_phase": 1.4260690178605584,
    "theta_activity": 0.007911907513409425
  },
  "provenance": {
    "python": "3.9.12 (main, Apr  5 2022, 01:52:34) \n[Clang 12.0.0 ]",
    "platform": "macOS-15.6.1-arm64-arm-64bit",
    "numpy": "1.23.3",
    "pandas": "1.4.4",
    "cmd": "three_body_3d_ns_dtg_v3_3_stable.py --ic exp2 --alpha 1.0 --tmax 45.0 --dt 0.002 --dtg 1 --alpha_dtg 0.6 --beta_dtg 0.4981910244715496 --tau_theta 0.7779621100916275 --dtheta_max 0.14343247844849094 --theta_min 0.9567272920708706 --theta_max 2.0 --k_ctrl 0.24079079500164052 --k_ctrl_e 0.6276723233614235 --k_nu 0.0 --k_nu_ed 0.17005302630407115 --nu0 0.002 --nu_max 0.2 --out runs/auto/auto_beta0.498_tau0.778_d0.143_thmin0.957_kc0.241_ke0.628_knued0.170_20250906-083846_39068_3507 --no_plots --lyap_light --adaptive_step --adapt_r_trigger 0.02 --adapt_factor 0.3 --min_max_step 0.0002",
    "scipy": "1.12.0"
  }
}