{
  "timestamp": "2025-09-05 17:55:18",
  "args": {
    "ic": "exp2",
    "alpha": 1.0,
    "tmax": 20.0,
    "dt": 0.002,
    "out": "runs/auto/auto_beta0.752_tau0.619_d0.092_thmin0.905_kc0.243_ke0.457_knued0.271_20250905-175506",
    "elev": 20.0,
    "azim": -60.0,
    "eps": 1e-08,
    "G": 1.0,
    "seed": 0,
    "zero_init": false,
    "no_plots": true,
    "nu0": 0.002,
    "nu_max": 0.2,
    "turb": 0.0,
    "dtg": 1,
    "theta0": 1.0,
    "alpha_dtg": 0.6,
    "beta_dtg": 0.7523183085574648,
    "b_dtg": 0.0,
    "tau_theta": 0.6191988558050392,
    "theta_min": 0.9048669120702231,
    "theta_max": 2.0,
    "dtheta_max": 0.09225917735675572,
    "k_nu": 0.0,
    "k_nu_ed": 0.2711840278907679,
    "k_ctrl": 0.2433160192224691,
    "k_ctrl_e": 0.45729770650568025,
    "lyap_const": 0.0,
    "no_soften_when_clamped": false,
    "R_esc": 10.0,
    "r_collide": 0.001,
    "r_bin": 0.5,
    "bin_hold": 1.0,
    "adaptive_step": false,
    "adapt_r_trigger": 0.02,
    "adapt_factor": 0.3,
    "min_max_step": 0.0002,
    "chunk": 0.5,
    "lyap_light": false,
    "lyap_light_dt": 0.01,
    "lyap_light_renorm": 50,
    "lyap_spectrum": false,
    "lyap_k": 3,
    "compare": false,
    "nu_scan": [],
    "drift_threshold": 0.05
  },
  "E0": -2.03375,
  "lyap_top": null,
  "lyap_spectrum": null,
  "lyap_score": 0.0,
  "outputs": {
    "csv": "runs/auto/auto_beta0.752_tau0.619_d0.092_thmin0.905_kc0.243_ke0.457_knued0.271_20250905-175506/data/threebody3d_exp2_a1.0_dtg1.csv",
    "csv_diagnostics": "runs/auto/auto_beta0.752_tau0.619_d0.092_thmin0.905_kc0.243_ke0.457_knued0.271_20250905-175506/data/diagnostics_exp2_a1.0_dtg1.csv",
    "fig3d": null,
    "fig_xy": null,
    "drift": null,
    "theta": null,
    "distances": null
  },
  "events": {
    "escaped": false,
    "t_escape": null,
    "collided": false,
    "t_collision": null
  },
  "binary": {
    "flag": false,
    "r_bin": 0.5,
    "hold": 1.0
  },
  "end_state": {
    "rmin": 0.5500525692809962,
    "drift": -0.0073762857204661275,
    "theta": 0.9955743520684783,
    "planar": false,
    "zmax": 1.450282138631891,
    "fig8_phase": 1.502194228924944,
    "theta_activity": 0.0002212823965760835
  },
  "provenance": {
    "python": "3.9.12 (main, Apr  5 2022, 01:52:34) \n[Clang 12.0.0 ]",
    "platform": "macOS-15.6.1-arm64-arm-64bit",
    "numpy": "1.23.3",
    "pandas": "1.4.4",
    "cmd": "three_body_3d_ns_dtg_v3_3_stable.py --ic exp2 --alpha 1.0 --tmax 20.0 --dt 0.002 --dtg 1 --alpha_dtg 0.6 --beta_dtg 0.7523183085574648 --tau_theta 0.6191988558050392 --dtheta_max 0.09225917735675572 --theta_min 0.9048669120702231 --theta_max 2.0 --k_ctrl 0.2433160192224691 --k_ctrl_e 0.45729770650568025 --k_nu 0.0 --k_nu_ed 0.2711840278907679 --nu0 0.002 --nu_max 0.2 --out runs/auto/auto_beta0.752_tau0.619_d0.092_thmin0.905_kc0.243_ke0.457_knued0.271_20250905-175506 --no_plots",
    "scipy": "1.12.0"
  }
}