{
  "timestamp": "2025-09-06 07:56:09",
  "args": {
    "ic": "exp2",
    "alpha": 1.0,
    "tmax": 30.0,
    "dt": 0.002,
    "out": "runs/auto/auto_beta0.675_tau0.711_d0.112_thmin0.952_kc0.299_ke0.675_knued0.263_20250906-075547_27717_1684",
    "elev": 20.0,
    "azim": -60.0,
    "eps": 1e-08,
    "G": 1.0,
    "seed": 0,
    "zero_init": false,
    "no_plots": true,
    "nu0": 0.002,
    "nu_max": 0.2,
    "turb": 0.0,
    "dtg": 1,
    "theta0": 1.0,
    "alpha_dtg": 0.6,
    "beta_dtg": 0.6745213789930482,
    "b_dtg": 0.0,
    "tau_theta": 0.7108219419205185,
    "theta_min": 0.9524666537479219,
    "theta_max": 2.0,
    "dtheta_max": 0.11231778954227097,
    "k_nu": 0.0,
    "k_nu_ed": 0.26284758714375905,
    "k_ctrl": 0.29924303205742825,
    "k_ctrl_e": 0.675268390490649,
    "lyap_const": 0.0,
    "no_soften_when_clamped": false,
    "R_esc": 10.0,
    "r_collide": 0.001,
    "r_bin": 0.5,
    "bin_hold": 1.0,
    "adaptive_step": false,
    "adapt_r_trigger": 0.02,
    "adapt_factor": 0.3,
    "min_max_step": 0.0002,
    "chunk": 0.5,
    "lyap_light": false,
    "lyap_light_dt": 0.01,
    "lyap_light_renorm": 50,
    "lyap_spectrum": false,
    "lyap_k": 3,
    "compare": false,
    "nu_scan": [],
    "drift_threshold": 0.05
  },
  "E0": -2.03375,
  "lyap_top": null,
  "lyap_spectrum": null,
  "lyap_score": 0.0,
  "outputs": {
    "csv": "runs/auto/auto_beta0.675_tau0.711_d0.112_thmin0.952_kc0.299_ke0.675_knued0.263_20250906-075547_27717_1684/data/threebody3d_exp2_a1.0_dtg1.csv",
    "csv_diagnostics": "runs/auto/auto_beta0.675_tau0.711_d0.112_thmin0.952_kc0.299_ke0.675_knued0.263_20250906-075547_27717_1684/data/diagnostics_exp2_a1.0_dtg1.csv",
    "fig3d": null,
    "fig_xy": null,
    "drift": null,
    "theta": null,
    "distances": null
  },
  "events": {
    "escaped": false,
    "t_escape": null,
    "collided": false,
    "t_collision": null
  },
  "binary": {
    "flag": false,
    "r_bin": 0.5,
    "hold": 1.0
  },
  "end_state": {
    "rmin": 0.6884671734000571,
    "drift": -0.0076126218614894,
    "theta": 0.9954324469927731,
    "planar": false,
    "zmax": 1.6107764749582854,
    "fig8_phase": 1.358194801078242,
    "theta_activity": 0.00015225176690756293
  },
  "provenance": {
    "python": "3.9.12 (main, Apr  5 2022, 01:52:34) \n[Clang 12.0.0 ]",
    "platform": "macOS-15.6.1-arm64-arm-64bit",
    "numpy": "1.23.3",
    "pandas": "1.4.4",
    "cmd": "three_body_3d_ns_dtg_v3_3_stable.py --ic exp2 --alpha 1.0 --tmax 30.0 --dt 0.002 --dtg 1 --alpha_dtg 0.6 --beta_dtg 0.6745213789930482 --tau_theta 0.7108219419205185 --dtheta_max 0.11231778954227097 --theta_min 0.9524666537479219 --theta_max 2.0 --k_ctrl 0.29924303205742825 --k_ctrl_e 0.675268390490649 --k_nu 0.0 --k_nu_ed 0.26284758714375905 --nu0 0.002 --nu_max 0.2 --out runs/auto/auto_beta0.675_tau0.711_d0.112_thmin0.952_kc0.299_ke0.675_knued0.263_20250906-075547_27717_1684 --no_plots",
    "scipy": "1.12.0"
  }
}