{
  "timestamp": "2025-09-06 15:02:42",
  "args": {
    "ic": "exp2",
    "alpha": 1.0,
    "tmax": 30.0,
    "dt": 0.002,
    "out": "runs/auto/auto_beta0.376_tau0.811_d0.124_thmin0.918_kc0.249_ke0.367_knued0.258_20250906-150223_52480_4338",
    "elev": 20.0,
    "azim": -60.0,
    "eps": 1e-08,
    "G": 1.0,
    "seed": 0,
    "zero_init": false,
    "no_plots": true,
    "nu0": 0.002,
    "nu_max": 0.2,
    "turb": 0.0,
    "dtg": 1,
    "theta0": 1.0,
    "alpha_dtg": 0.6,
    "beta_dtg": 0.3756685103531215,
    "b_dtg": 0.0,
    "tau_theta": 0.8114708611157191,
    "theta_min": 0.9184518078836665,
    "theta_max": 2.0,
    "dtheta_max": 0.1244151376815556,
    "k_nu": 0.0,
    "k_nu_ed": 0.2584968681902141,
    "k_ctrl": 0.24918560330304312,
    "k_ctrl_e": 0.36697464470268215,
    "lyap_const": 0.0,
    "no_soften_when_clamped": false,
    "R_esc": 10.0,
    "r_collide": 0.001,
    "r_bin": 0.5,
    "bin_hold": 1.0,
    "adaptive_step": true,
    "adapt_r_trigger": 0.02,
    "adapt_factor": 0.3,
    "min_max_step": 0.0002,
    "chunk": 0.5,
    "lyap_light": true,
    "lyap_light_dt": 0.01,
    "lyap_light_renorm": 50,
    "lyap_spectrum": false,
    "lyap_k": 3,
    "compare": false,
    "nu_scan": [],
    "drift_threshold": 0.05
  },
  "E0": -2.03375,
  "lyap_top": 0.7505171770988928,
  "lyap_spectrum": null,
  "lyap_score": 0.7505171770988928,
  "outputs": {
    "csv": "runs/auto/auto_beta0.376_tau0.811_d0.124_thmin0.918_kc0.249_ke0.367_knued0.258_20250906-150223_52480_4338/data/threebody3d_exp2_a1.0_dtg1.csv",
    "csv_diagnostics": "runs/auto/auto_beta0.376_tau0.811_d0.124_thmin0.918_kc0.249_ke0.367_knued0.258_20250906-150223_52480_4338/data/diagnostics_exp2_a1.0_dtg1.csv",
    "fig3d": null,
    "fig_xy": null,
    "drift": null,
    "theta": null,
    "distances": null
  },
  "events": {
    "escaped": false,
    "t_escape": null,
    "collided": true,
    "t_collision": 29.44960167633177
  },
  "binary": {
    "flag": false,
    "r_bin": 0.5,
    "hold": 1.0
  },
  "end_state": {
    "rmin": 0.000999999999931684,
    "drift": -0.0077405484640984045,
    "theta": 0.7134100491939008,
    "planar": false,
    "zmax": 1.5773116227972788,
    "fig8_phase": 1.3672317068551894,
    "theta_activity": 0.009552998360203306
  },
  "provenance": {
    "python": "3.9.12 (main, Apr  5 2022, 01:52:34) \n[Clang 12.0.0 ]",
    "platform": "macOS-15.6.1-arm64-arm-64bit",
    "numpy": "1.23.3",
    "pandas": "1.4.4",
    "cmd": "three_body_3d_ns_dtg_v3_3_stable.py --ic exp2 --alpha 1.0 --tmax 30.0 --dt 0.002 --dtg 1 --alpha_dtg 0.6 --beta_dtg 0.3756685103531215 --tau_theta 0.8114708611157191 --dtheta_max 0.1244151376815556 --theta_min 0.9184518078836665 --theta_max 2.0 --k_ctrl 0.24918560330304312 --k_ctrl_e 0.36697464470268215 --k_nu 0.0 --k_nu_ed 0.2584968681902141 --nu0 0.002 --nu_max 0.2 --out runs/auto/auto_beta0.376_tau0.811_d0.124_thmin0.918_kc0.249_ke0.367_knued0.258_20250906-150223_52480_4338 --no_plots --lyap_light --adaptive_step --adapt_r_trigger 0.02 --adapt_factor 0.3 --min_max_step 0.0002",
    "scipy": "1.12.0"
  }
}