{
  "timestamp": "2025-09-06 00:11:08",
  "args": {
    "ic": "exp2",
    "alpha": 1.0,
    "tmax": 30.0,
    "dt": 0.002,
    "out": "runs/auto/auto_beta0.500_tau0.775_d0.160_thmin0.941_kc0.164_ke0.319_knued0.166_20250906-001047_14733_8181",
    "elev": 20.0,
    "azim": -60.0,
    "eps": 1e-08,
    "G": 1.0,
    "seed": 0,
    "zero_init": false,
    "no_plots": true,
    "nu0": 0.002,
    "nu_max": 0.2,
    "turb": 0.0,
    "dtg": 1,
    "theta0": 1.0,
    "alpha_dtg": 0.6,
    "beta_dtg": 0.4997002525701986,
    "b_dtg": 0.0,
    "tau_theta": 0.7754566073258267,
    "theta_min": 0.9407621034941172,
    "theta_max": 2.0,
    "dtheta_max": 0.15980300851960882,
    "k_nu": 0.0,
    "k_nu_ed": 0.16644736955259887,
    "k_ctrl": 0.16363641182606908,
    "k_ctrl_e": 0.3188465501698938,
    "lyap_const": 0.0,
    "no_soften_when_clamped": false,
    "R_esc": 10.0,
    "r_collide": 0.001,
    "r_bin": 0.5,
    "bin_hold": 1.0,
    "adaptive_step": false,
    "adapt_r_trigger": 0.02,
    "adapt_factor": 0.3,
    "min_max_step": 0.0002,
    "chunk": 0.5,
    "lyap_light": false,
    "lyap_light_dt": 0.01,
    "lyap_light_renorm": 50,
    "lyap_spectrum": false,
    "lyap_k": 3,
    "compare": false,
    "nu_scan": [],
    "drift_threshold": 0.05
  },
  "E0": -2.03375,
  "lyap_top": null,
  "lyap_spectrum": null,
  "lyap_score": 0.0,
  "outputs": {
    "csv": "runs/auto/auto_beta0.500_tau0.775_d0.160_thmin0.941_kc0.164_ke0.319_knued0.166_20250906-001047_14733_8181/data/threebody3d_exp2_a1.0_dtg1.csv",
    "csv_diagnostics": "runs/auto/auto_beta0.500_tau0.775_d0.160_thmin0.941_kc0.164_ke0.319_knued0.166_20250906-001047_14733_8181/data/diagnostics_exp2_a1.0_dtg1.csv",
    "fig3d": null,
    "fig_xy": null,
    "drift": null,
    "theta": null,
    "distances": null
  },
  "events": {
    "escaped": false,
    "t_escape": null,
    "collided": false,
    "t_collision": null
  },
  "binary": {
    "flag": false,
    "r_bin": 0.5,
    "hold": 1.0
  },
  "end_state": {
    "rmin": 0.4592918557249623,
    "drift": -0.012015976253285576,
    "theta": 0.9927905372366354,
    "planar": false,
    "zmax": 1.7106922710914894,
    "fig8_phase": 1.4414795926739257,
    "theta_activity": 0.00024031542544548828
  },
  "provenance": {
    "python": "3.9.12 (main, Apr  5 2022, 01:52:34) \n[Clang 12.0.0 ]",
    "platform": "macOS-15.6.1-arm64-arm-64bit",
    "numpy": "1.23.3",
    "pandas": "1.4.4",
    "cmd": "three_body_3d_ns_dtg_v3_3_stable.py --ic exp2 --alpha 1.0 --tmax 30.0 --dt 0.002 --dtg 1 --alpha_dtg 0.6 --beta_dtg 0.4997002525701986 --tau_theta 0.7754566073258267 --dtheta_max 0.15980300851960882 --theta_min 0.9407621034941172 --theta_max 2.0 --k_ctrl 0.16363641182606908 --k_ctrl_e 0.3188465501698938 --k_nu 0.0 --k_nu_ed 0.16644736955259887 --nu0 0.002 --nu_max 0.2 --out runs/auto/auto_beta0.500_tau0.775_d0.160_thmin0.941_kc0.164_ke0.319_knued0.166_20250906-001047_14733_8181 --no_plots",
    "scipy": "1.12.0"
  }
}