{
  "timestamp": "2025-09-06 08:24:12",
  "args": {
    "ic": "exp2",
    "alpha": 1.0,
    "tmax": 45.0,
    "dt": 0.002,
    "out": "runs/auto/auto_beta0.650_tau1.268_d0.087_thmin0.950_kc0.276_ke0.300_knued0.286_20250906-082339_35716_9825",
    "elev": 20.0,
    "azim": -60.0,
    "eps": 1e-08,
    "G": 1.0,
    "seed": 0,
    "zero_init": false,
    "no_plots": true,
    "nu0": 0.002,
    "nu_max": 0.2,
    "turb": 0.0,
    "dtg": 1,
    "theta0": 1.0,
    "alpha_dtg": 0.6,
    "beta_dtg": 0.6503346323506749,
    "b_dtg": 0.0,
    "tau_theta": 1.2681692920793703,
    "theta_min": 0.9498375577636179,
    "theta_max": 2.0,
    "dtheta_max": 0.08705015793643626,
    "k_nu": 0.0,
    "k_nu_ed": 0.28642233472128725,
    "k_ctrl": 0.2762626078844759,
    "k_ctrl_e": 0.3,
    "lyap_const": 0.0,
    "no_soften_when_clamped": false,
    "R_esc": 10.0,
    "r_collide": 0.001,
    "r_bin": 0.5,
    "bin_hold": 1.0,
    "adaptive_step": false,
    "adapt_r_trigger": 0.02,
    "adapt_factor": 0.3,
    "min_max_step": 0.0002,
    "chunk": 0.5,
    "lyap_light": false,
    "lyap_light_dt": 0.01,
    "lyap_light_renorm": 50,
    "lyap_spectrum": false,
    "lyap_k": 3,
    "compare": false,
    "nu_scan": [],
    "drift_threshold": 0.05
  },
  "E0": -2.03375,
  "lyap_top": null,
  "lyap_spectrum": null,
  "lyap_score": 0.0,
  "outputs": {
    "csv": "runs/auto/auto_beta0.650_tau1.268_d0.087_thmin0.950_kc0.276_ke0.300_knued0.286_20250906-082339_35716_9825/data/threebody3d_exp2_a1.0_dtg1.csv",
    "csv_diagnostics": "runs/auto/auto_beta0.650_tau1.268_d0.087_thmin0.950_kc0.276_ke0.300_knued0.286_20250906-082339_35716_9825/data/diagnostics_exp2_a1.0_dtg1.csv",
    "fig3d": null,
    "fig_xy": null,
    "drift": null,
    "theta": null,
    "distances": null
  },
  "events": {
    "escaped": false,
    "t_escape": null,
    "collided": false,
    "t_collision": null
  },
  "binary": {
    "flag": false,
    "r_bin": 0.5,
    "hold": 1.0
  },
  "end_state": {
    "rmin": 0.5807087665350645,
    "drift": -0.006989144255562798,
    "theta": 0.9958066410116452,
    "planar": false,
    "zmax": 2.561731542366224,
    "fig8_phase": 1.4926321169225814,
    "theta_activity": 9.31857583232566e-05
  },
  "provenance": {
    "python": "3.9.12 (main, Apr  5 2022, 01:52:34) \n[Clang 12.0.0 ]",
    "platform": "macOS-15.6.1-arm64-arm-64bit",
    "numpy": "1.23.3",
    "pandas": "1.4.4",
    "cmd": "three_body_3d_ns_dtg_v3_3_stable.py --ic exp2 --alpha 1.0 --tmax 45.0 --dt 0.002 --dtg 1 --alpha_dtg 0.6 --beta_dtg 0.6503346323506749 --tau_theta 1.2681692920793703 --dtheta_max 0.08705015793643626 --theta_min 0.9498375577636179 --theta_max 2.0 --k_ctrl 0.2762626078844759 --k_ctrl_e 0.3 --k_nu 0.0 --k_nu_ed 0.28642233472128725 --nu0 0.002 --nu_max 0.2 --out runs/auto/auto_beta0.650_tau1.268_d0.087_thmin0.950_kc0.276_ke0.300_knued0.286_20250906-082339_35716_9825 --no_plots",
    "scipy": "1.12.0"
  }
}