{
  "timestamp": "2025-09-06 08:24:38",
  "args": {
    "ic": "exp2",
    "alpha": 1.0,
    "tmax": 45.0,
    "dt": 0.002,
    "out": "runs/auto/auto_beta0.546_tau1.147_d0.097_thmin0.967_kc0.300_ke0.304_knued0.234_20250906-082412_35719_8939",
    "elev": 20.0,
    "azim": -60.0,
    "eps": 1e-08,
    "G": 1.0,
    "seed": 0,
    "zero_init": false,
    "no_plots": true,
    "nu0": 0.002,
    "nu_max": 0.2,
    "turb": 0.0,
    "dtg": 1,
    "theta0": 1.0,
    "alpha_dtg": 0.6,
    "beta_dtg": 0.5461832074269768,
    "b_dtg": 0.0,
    "tau_theta": 1.1467751264030919,
    "theta_min": 0.9672385472230011,
    "theta_max": 2.0,
    "dtheta_max": 0.09703874016312258,
    "k_nu": 0.0,
    "k_nu_ed": 0.23372047491868025,
    "k_ctrl": 0.3,
    "k_ctrl_e": 0.3041497420198475,
    "lyap_const": 0.0,
    "no_soften_when_clamped": false,
    "R_esc": 10.0,
    "r_collide": 0.001,
    "r_bin": 0.5,
    "bin_hold": 1.0,
    "adaptive_step": false,
    "adapt_r_trigger": 0.02,
    "adapt_factor": 0.3,
    "min_max_step": 0.0002,
    "chunk": 0.5,
    "lyap_light": false,
    "lyap_light_dt": 0.01,
    "lyap_light_renorm": 50,
    "lyap_spectrum": false,
    "lyap_k": 3,
    "compare": false,
    "nu_scan": [],
    "drift_threshold": 0.05
  },
  "E0": -2.03375,
  "lyap_top": null,
  "lyap_spectrum": null,
  "lyap_score": 0.0,
  "outputs": {
    "csv": "runs/auto/auto_beta0.546_tau1.147_d0.097_thmin0.967_kc0.300_ke0.304_knued0.234_20250906-082412_35719_8939/data/threebody3d_exp2_a1.0_dtg1.csv",
    "csv_diagnostics": "runs/auto/auto_beta0.546_tau1.147_d0.097_thmin0.967_kc0.300_ke0.304_knued0.234_20250906-082412_35719_8939/data/diagnostics_exp2_a1.0_dtg1.csv",
    "fig3d": null,
    "fig_xy": null,
    "drift": null,
    "theta": null,
    "distances": null
  },
  "events": {
    "escaped": false,
    "t_escape": null,
    "collided": true,
    "t_collision": 34.63389720912546
  },
  "binary": {
    "flag": false,
    "r_bin": 0.5,
    "hold": 1.0
  },
  "end_state": {
    "rmin": 0.0315442268483653,
    "drift": -0.008560649366271359,
    "theta": 0.9948636289810185,
    "planar": false,
    "zmax": 1.7745677780669338,
    "fig8_phase": 1.3578804028407834,
    "theta_activity": 0.00014831286148595102
  },
  "provenance": {
    "python": "3.9.12 (main, Apr  5 2022, 01:52:34) \n[Clang 12.0.0 ]",
    "platform": "macOS-15.6.1-arm64-arm-64bit",
    "numpy": "1.23.3",
    "pandas": "1.4.4",
    "cmd": "three_body_3d_ns_dtg_v3_3_stable.py --ic exp2 --alpha 1.0 --tmax 45.0 --dt 0.002 --dtg 1 --alpha_dtg 0.6 --beta_dtg 0.5461832074269768 --tau_theta 1.1467751264030919 --dtheta_max 0.09703874016312258 --theta_min 0.9672385472230011 --theta_max 2.0 --k_ctrl 0.3 --k_ctrl_e 0.3041497420198475 --k_nu 0.0 --k_nu_ed 0.23372047491868025 --nu0 0.002 --nu_max 0.2 --out runs/auto/auto_beta0.546_tau1.147_d0.097_thmin0.967_kc0.300_ke0.304_knued0.234_20250906-082412_35719_8939 --no_plots",
    "scipy": "1.12.0"
  }
}