{
  "timestamp": "2025-09-06 15:14:43",
  "args": {
    "ic": "exp2",
    "alpha": 1.0,
    "tmax": 30.0,
    "dt": 0.002,
    "out": "runs/auto_1510/auto_beta0.466_tau1.224_d0.147_thmin0.980_kc0.207_ke0.639_knued0.150_20250906-151422_56013_1428",
    "elev": 20.0,
    "azim": -60.0,
    "eps": 1e-08,
    "G": 1.0,
    "seed": 0,
    "zero_init": false,
    "no_plots": true,
    "nu0": 0.002,
    "nu_max": 0.2,
    "turb": 0.0,
    "dtg": 1,
    "theta0": 1.0,
    "alpha_dtg": 0.6,
    "beta_dtg": 0.4663186023615026,
    "b_dtg": 0.0,
    "tau_theta": 1.2244334093517333,
    "theta_min": 0.98,
    "theta_max": 2.0,
    "dtheta_max": 0.14673882414053027,
    "k_nu": 0.0,
    "k_nu_ed": 0.15,
    "k_ctrl": 0.20684041034179487,
    "k_ctrl_e": 0.6389007405432103,
    "lyap_const": 0.0,
    "no_soften_when_clamped": false,
    "R_esc": 10.0,
    "r_collide": 0.001,
    "r_bin": 0.5,
    "bin_hold": 1.0,
    "adaptive_step": true,
    "adapt_r_trigger": 0.02,
    "adapt_factor": 0.3,
    "min_max_step": 0.0002,
    "chunk": 0.5,
    "lyap_light": true,
    "lyap_light_dt": 0.01,
    "lyap_light_renorm": 50,
    "lyap_spectrum": false,
    "lyap_k": 3,
    "compare": false,
    "nu_scan": [],
    "drift_threshold": 0.05
  },
  "E0": -2.03375,
  "lyap_top": 0.7505171770988928,
  "lyap_spectrum": null,
  "lyap_score": 0.7505171770988928,
  "outputs": {
    "csv": "runs/auto_1510/auto_beta0.466_tau1.224_d0.147_thmin0.980_kc0.207_ke0.639_knued0.150_20250906-151422_56013_1428/data/threebody3d_exp2_a1.0_dtg1.csv",
    "csv_diagnostics": "runs/auto_1510/auto_beta0.466_tau1.224_d0.147_thmin0.980_kc0.207_ke0.639_knued0.150_20250906-151422_56013_1428/data/diagnostics_exp2_a1.0_dtg1.csv",
    "fig3d": null,
    "fig_xy": null,
    "drift": null,
    "theta": null,
    "distances": null
  },
  "events": {
    "escaped": false,
    "t_escape": null,
    "collided": false,
    "t_collision": null
  },
  "binary": {
    "flag": false,
    "r_bin": 0.5,
    "hold": 1.0
  },
  "end_state": {
    "rmin": 0.2734771217576243,
    "drift": -0.013332143627574143,
    "theta": 0.6420211460610448,
    "planar": false,
    "zmax": 1.729111970968353,
    "fig8_phase": 1.442241354639203,
    "theta_activity": 0.01193262846463184
  },
  "provenance": {
    "python": "3.9.12 (main, Apr  5 2022, 01:52:34) \n[Clang 12.0.0 ]",
    "platform": "macOS-15.6.1-arm64-arm-64bit",
    "numpy": "1.23.3",
    "pandas": "1.4.4",
    "cmd": "three_body_3d_ns_dtg_v3_3_stable.py --ic exp2 --alpha 1.0 --tmax 30.0 --dt 0.002 --dtg 1 --alpha_dtg 0.6 --beta_dtg 0.4663186023615026 --tau_theta 1.2244334093517333 --dtheta_max 0.14673882414053027 --theta_min 0.98 --theta_max 2.0 --k_ctrl 0.20684041034179487 --k_ctrl_e 0.6389007405432103 --k_nu 0.0 --k_nu_ed 0.15 --nu0 0.002 --nu_max 0.2 --out runs/auto_1510/auto_beta0.466_tau1.224_d0.147_thmin0.980_kc0.207_ke0.639_knued0.150_20250906-151422_56013_1428 --no_plots --lyap_light --adaptive_step --adapt_r_trigger 0.02 --adapt_factor 0.3 --min_max_step 0.0002",
    "scipy": "1.12.0"
  }
}