{
  "timestamp": "2025-09-05 17:57:45",
  "args": {
    "ic": "exp2",
    "alpha": 1.0,
    "tmax": 20.0,
    "dt": 0.002,
    "out": "runs/auto/auto_beta0.405_tau1.400_d0.149_thmin0.912_kc0.190_ke0.641_knued0.292_20250905-175734",
    "elev": 20.0,
    "azim": -60.0,
    "eps": 1e-08,
    "G": 1.0,
    "seed": 0,
    "zero_init": false,
    "no_plots": true,
    "nu0": 0.002,
    "nu_max": 0.2,
    "turb": 0.0,
    "dtg": 1,
    "theta0": 1.0,
    "alpha_dtg": 0.6,
    "beta_dtg": 0.4054066047774961,
    "b_dtg": 0.0,
    "tau_theta": 1.4,
    "theta_min": 0.9121923832930997,
    "theta_max": 2.0,
    "dtheta_max": 0.14943007165643463,
    "k_nu": 0.0,
    "k_nu_ed": 0.2921021989935957,
    "k_ctrl": 0.1903479486097186,
    "k_ctrl_e": 0.6410132039223876,
    "lyap_const": 0.0,
    "no_soften_when_clamped": false,
    "R_esc": 10.0,
    "r_collide": 0.001,
    "r_bin": 0.5,
    "bin_hold": 1.0,
    "adaptive_step": false,
    "adapt_r_trigger": 0.02,
    "adapt_factor": 0.3,
    "min_max_step": 0.0002,
    "chunk": 0.5,
    "lyap_light": false,
    "lyap_light_dt": 0.01,
    "lyap_light_renorm": 50,
    "lyap_spectrum": false,
    "lyap_k": 3,
    "compare": false,
    "nu_scan": [],
    "drift_threshold": 0.05
  },
  "E0": -2.03375,
  "lyap_top": null,
  "lyap_spectrum": null,
  "lyap_score": 0.0,
  "outputs": {
    "csv": "runs/auto/auto_beta0.405_tau1.400_d0.149_thmin0.912_kc0.190_ke0.641_knued0.292_20250905-175734/data/threebody3d_exp2_a1.0_dtg1.csv",
    "csv_diagnostics": "runs/auto/auto_beta0.405_tau1.400_d0.149_thmin0.912_kc0.190_ke0.641_knued0.292_20250905-175734/data/diagnostics_exp2_a1.0_dtg1.csv",
    "fig3d": null,
    "fig_xy": null,
    "drift": null,
    "theta": null,
    "distances": null
  },
  "events": {
    "escaped": false,
    "t_escape": null,
    "collided": false,
    "t_collision": null
  },
  "binary": {
    "flag": false,
    "r_bin": 0.5,
    "hold": 1.0
  },
  "end_state": {
    "rmin": 0.5287429217195723,
    "drift": -0.006848598386376061,
    "theta": 0.9958911856055945,
    "planar": false,
    "zmax": 1.4284109025148806,
    "fig8_phase": 1.4967156747743209,
    "theta_activity": 0.00020544071972027344
  },
  "provenance": {
    "python": "3.9.12 (main, Apr  5 2022, 01:52:34) \n[Clang 12.0.0 ]",
    "platform": "macOS-15.6.1-arm64-arm-64bit",
    "numpy": "1.23.3",
    "pandas": "1.4.4",
    "cmd": "three_body_3d_ns_dtg_v3_3_stable.py --ic exp2 --alpha 1.0 --tmax 20.0 --dt 0.002 --dtg 1 --alpha_dtg 0.6 --beta_dtg 0.4054066047774961 --tau_theta 1.4 --dtheta_max 0.14943007165643463 --theta_min 0.9121923832930997 --theta_max 2.0 --k_ctrl 0.1903479486097186 --k_ctrl_e 0.6410132039223876 --k_nu 0.0 --k_nu_ed 0.2921021989935957 --nu0 0.002 --nu_max 0.2 --out runs/auto/auto_beta0.405_tau1.400_d0.149_thmin0.912_kc0.190_ke0.641_knued0.292_20250905-175734 --no_plots",
    "scipy": "1.12.0"
  }
}