{
  "timestamp": "2025-09-06 15:45:30",
  "args": {
    "ic": "exp2",
    "alpha": 1.0,
    "tmax": 30.0,
    "dt": 0.002,
    "out": "runs/auto_1539/auto_beta0.747_tau0.600_d0.089_thmin0.910_kc0.300_ke0.578_knued0.300_20250906-154510_62129_3288",
    "elev": 20.0,
    "azim": -60.0,
    "eps": 1e-08,
    "G": 1.0,
    "seed": 0,
    "zero_init": false,
    "no_plots": true,
    "nu0": 0.002,
    "nu_max": 0.2,
    "turb": 0.0,
    "dtg": 1,
    "theta0": 1.0,
    "alpha_dtg": 0.6,
    "beta_dtg": 0.7466773233739827,
    "b_dtg": 0.0,
    "tau_theta": 0.6,
    "theta_min": 0.9096339680277806,
    "theta_max": 2.0,
    "dtheta_max": 0.0887814679464507,
    "k_nu": 0.0,
    "k_nu_ed": 0.3,
    "k_ctrl": 0.3,
    "k_ctrl_e": 0.5782969670150584,
    "lyap_const": 0.0,
    "no_soften_when_clamped": false,
    "R_esc": 10.0,
    "r_collide": 0.001,
    "r_bin": 0.5,
    "bin_hold": 1.0,
    "adaptive_step": true,
    "adapt_r_trigger": 0.02,
    "adapt_factor": 0.3,
    "min_max_step": 0.0002,
    "chunk": 0.5,
    "lyap_light": true,
    "lyap_light_dt": 0.01,
    "lyap_light_renorm": 50,
    "lyap_spectrum": false,
    "lyap_k": 3,
    "compare": false,
    "nu_scan": [],
    "drift_threshold": 0.05
  },
  "E0": -2.03375,
  "lyap_top": 0.7505171770988928,
  "lyap_spectrum": null,
  "lyap_score": 0.7505171770988928,
  "outputs": {
    "csv": "runs/auto_1539/auto_beta0.747_tau0.600_d0.089_thmin0.910_kc0.300_ke0.578_knued0.300_20250906-154510_62129_3288/data/threebody3d_exp2_a1.0_dtg1.csv",
    "csv_diagnostics": "runs/auto_1539/auto_beta0.747_tau0.600_d0.089_thmin0.910_kc0.300_ke0.578_knued0.300_20250906-154510_62129_3288/data/diagnostics_exp2_a1.0_dtg1.csv",
    "fig3d": null,
    "fig_xy": null,
    "drift": null,
    "theta": null,
    "distances": null
  },
  "events": {
    "escaped": false,
    "t_escape": null,
    "collided": false,
    "t_collision": null
  },
  "binary": {
    "flag": false,
    "r_bin": 0.5,
    "hold": 1.0
  },
  "end_state": {
    "rmin": 0.8348213977784423,
    "drift": -0.006671039626268416,
    "theta": 0.43560322294315473,
    "planar": false,
    "zmax": 1.5558341572195045,
    "fig8_phase": 1.2496517504403837,
    "theta_activity": 0.01881322590189484
  },
  "provenance": {
    "python": "3.9.12 (main, Apr  5 2022, 01:52:34) \n[Clang 12.0.0 ]",
    "platform": "macOS-15.6.1-arm64-arm-64bit",
    "numpy": "1.23.3",
    "pandas": "1.4.4",
    "cmd": "three_body_3d_ns_dtg_v3_3_stable.py --ic exp2 --alpha 1.0 --tmax 30.0 --dt 0.002 --dtg 1 --alpha_dtg 0.6 --beta_dtg 0.7466773233739827 --tau_theta 0.6 --dtheta_max 0.0887814679464507 --theta_min 0.9096339680277806 --theta_max 2.0 --k_ctrl 0.3 --k_ctrl_e 0.5782969670150584 --k_nu 0.0 --k_nu_ed 0.3 --nu0 0.002 --nu_max 0.2 --out runs/auto_1539/auto_beta0.747_tau0.600_d0.089_thmin0.910_kc0.300_ke0.578_knued0.300_20250906-154510_62129_3288 --no_plots --lyap_light --adaptive_step --adapt_r_trigger 0.02 --adapt_factor 0.3 --min_max_step 0.0002",
    "scipy": "1.12.0"
  }
}