{
  "beta_dtg": 0.44066157662307337,
  "tau_theta": 0.8008089414681825,
  "dtheta_max": 0.14046439962978588,
  "theta_min": 0.9452088730193791,
  "theta_max": 2.0,
  "k_ctrl": 0.3,
  "k_ctrl_e": 0.50421563376451,
  "k_nu_ed": 0.2902578200617124,
  "dt": 0.002,
  "tmax": 30.0,
  "alpha": 1.0,
  "dtg": 1,
  "ic": "exp2"
}