{
  "timestamp": "2025-09-06 08:14:07",
  "args": {
    "ic": "exp2",
    "alpha": 1.0,
    "tmax": 45.0,
    "dt": 0.002,
    "out": "runs/auto/auto_beta0.739_tau1.218_d0.160_thmin0.936_kc0.225_ke0.357_knued0.273_20250906-081346_30346_2816",
    "elev": 20.0,
    "azim": -60.0,
    "eps": 1e-08,
    "G": 1.0,
    "seed": 0,
    "zero_init": false,
    "no_plots": true,
    "nu0": 0.002,
    "nu_max": 0.2,
    "turb": 0.0,
    "dtg": 1,
    "theta0": 1.0,
    "alpha_dtg": 0.6,
    "beta_dtg": 0.7392033941403862,
    "b_dtg": 0.0,
    "tau_theta": 1.2178123837444341,
    "theta_min": 0.9363666205451178,
    "theta_max": 2.0,
    "dtheta_max": 0.16,
    "k_nu": 0.0,
    "k_nu_ed": 0.2728313718658453,
    "k_ctrl": 0.22527869168552633,
    "k_ctrl_e": 0.35714914329754943,
    "lyap_const": 0.0,
    "no_soften_when_clamped": false,
    "R_esc": 10.0,
    "r_collide": 0.001,
    "r_bin": 0.5,
    "bin_hold": 1.0,
    "adaptive_step": false,
    "adapt_r_trigger": 0.02,
    "adapt_factor": 0.3,
    "min_max_step": 0.0002,
    "chunk": 0.5,
    "lyap_light": false,
    "lyap_light_dt": 0.01,
    "lyap_light_renorm": 50,
    "lyap_spectrum": false,
    "lyap_k": 3,
    "compare": false,
    "nu_scan": [],
    "drift_threshold": 0.05
  },
  "E0": -2.03375,
  "lyap_top": null,
  "lyap_spectrum": null,
  "lyap_score": 0.0,
  "outputs": {
    "csv": "runs/auto/auto_beta0.739_tau1.218_d0.160_thmin0.936_kc0.225_ke0.357_knued0.273_20250906-081346_30346_2816/data/threebody3d_exp2_a1.0_dtg1.csv",
    "csv_diagnostics": "runs/auto/auto_beta0.739_tau1.218_d0.160_thmin0.936_kc0.225_ke0.357_knued0.273_20250906-081346_30346_2816/data/diagnostics_exp2_a1.0_dtg1.csv",
    "fig3d": null,
    "fig_xy": null,
    "drift": null,
    "theta": null,
    "distances": null
  },
  "events": {
    "escaped": false,
    "t_escape": null,
    "collided": true,
    "t_collision": 28.826608372050117
  },
  "binary": {
    "flag": false,
    "r_bin": 0.5,
    "hold": 1.0
  },
  "end_state": {
    "rmin": 0.014524729512884759,
    "drift": -0.007334404142671248,
    "theta": 0.9955994949674709,
    "planar": false,
    "zmax": 1.554016691230446,
    "fig8_phase": 1.4182692228255955,
    "theta_activity": 0.00015265749783282764
  },
  "provenance": {
    "python": "3.9.12 (main, Apr  5 2022, 01:52:34) \n[Clang 12.0.0 ]",
    "platform": "macOS-15.6.1-arm64-arm-64bit",
    "numpy": "1.23.3",
    "pandas": "1.4.4",
    "cmd": "three_body_3d_ns_dtg_v3_3_stable.py --ic exp2 --alpha 1.0 --tmax 45.0 --dt 0.002 --dtg 1 --alpha_dtg 0.6 --beta_dtg 0.7392033941403862 --tau_theta 1.2178123837444341 --dtheta_max 0.16 --theta_min 0.9363666205451178 --theta_max 2.0 --k_ctrl 0.22527869168552633 --k_ctrl_e 0.35714914329754943 --k_nu 0.0 --k_nu_ed 0.2728313718658453 --nu0 0.002 --nu_max 0.2 --out runs/auto/auto_beta0.739_tau1.218_d0.160_thmin0.936_kc0.225_ke0.357_knued0.273_20250906-081346_30346_2816 --no_plots",
    "scipy": "1.12.0"
  }
}