{
  "timestamp": "2025-09-05 20:44:03",
  "args": {
    "ic": "exp2",
    "alpha": 1.0,
    "tmax": 30.0,
    "dt": 0.002,
    "out": "runs/auto/auto_beta0.325_tau1.400_d0.160_thmin0.956_kc0.150_ke0.353_knued0.290_20250905-204347",
    "elev": 20.0,
    "azim": -60.0,
    "eps": 1e-08,
    "G": 1.0,
    "seed": 0,
    "zero_init": false,
    "no_plots": true,
    "nu0": 0.002,
    "nu_max": 0.2,
    "turb": 0.0,
    "dtg": 1,
    "theta0": 1.0,
    "alpha_dtg": 0.6,
    "beta_dtg": 0.32457743205376616,
    "b_dtg": 0.0,
    "tau_theta": 1.4,
    "theta_min": 0.9562760701443578,
    "theta_max": 2.0,
    "dtheta_max": 0.16,
    "k_nu": 0.0,
    "k_nu_ed": 0.2903164946752549,
    "k_ctrl": 0.15,
    "k_ctrl_e": 0.3531123818193191,
    "lyap_const": 0.0,
    "no_soften_when_clamped": false,
    "R_esc": 10.0,
    "r_collide": 0.001,
    "r_bin": 0.5,
    "bin_hold": 1.0,
    "adaptive_step": false,
    "adapt_r_trigger": 0.02,
    "adapt_factor": 0.3,
    "min_max_step": 0.0002,
    "chunk": 0.5,
    "lyap_light": false,
    "lyap_light_dt": 0.01,
    "lyap_light_renorm": 50,
    "lyap_spectrum": false,
    "lyap_k": 3,
    "compare": false,
    "nu_scan": [],
    "drift_threshold": 0.05
  },
  "E0": -2.03375,
  "lyap_top": null,
  "lyap_spectrum": null,
  "lyap_score": 0.0,
  "outputs": {
    "csv": "runs/auto/auto_beta0.325_tau1.400_d0.160_thmin0.956_kc0.150_ke0.353_knued0.290_20250905-204347/data/threebody3d_exp2_a1.0_dtg1.csv",
    "csv_diagnostics": "runs/auto/auto_beta0.325_tau1.400_d0.160_thmin0.956_kc0.150_ke0.353_knued0.290_20250905-204347/data/diagnostics_exp2_a1.0_dtg1.csv",
    "fig3d": null,
    "fig_xy": null,
    "drift": null,
    "theta": null,
    "distances": null
  },
  "events": {
    "escaped": false,
    "t_escape": null,
    "collided": true,
    "t_collision": 28.28450813467218
  },
  "binary": {
    "flag": false,
    "r_bin": 0.5,
    "hold": 1.0
  },
  "end_state": {
    "rmin": 0.012777195762531312,
    "drift": -0.006893164262890622,
    "theta": 0.9958642615563421,
    "planar": false,
    "zmax": 1.5245837711052657,
    "fig8_phase": 1.4172629355150472,
    "theta_activity": 0.00014622183721036235
  },
  "provenance": {
    "python": "3.9.12 (main, Apr  5 2022, 01:52:34) \n[Clang 12.0.0 ]",
    "platform": "macOS-15.6.1-arm64-arm-64bit",
    "numpy": "1.23.3",
    "pandas": "1.4.4",
    "cmd": "three_body_3d_ns_dtg_v3_3_stable.py --ic exp2 --alpha 1.0 --tmax 30.0 --dt 0.002 --dtg 1 --alpha_dtg 0.6 --beta_dtg 0.32457743205376616 --tau_theta 1.4 --dtheta_max 0.16 --theta_min 0.9562760701443578 --theta_max 2.0 --k_ctrl 0.15 --k_ctrl_e 0.3531123818193191 --k_nu 0.0 --k_nu_ed 0.2903164946752549 --nu0 0.002 --nu_max 0.2 --out runs/auto/auto_beta0.325_tau1.400_d0.160_thmin0.956_kc0.150_ke0.353_knued0.290_20250905-204347 --no_plots",
    "scipy": "1.12.0"
  }
}