{
  "timestamp": "2025-09-06 15:29:31",
  "args": {
    "ic": "exp2",
    "alpha": 1.0,
    "tmax": 30.0,
    "dt": 0.002,
    "out": "runs/auto_1510/auto_beta0.800_tau0.715_d0.151_thmin0.905_kc0.275_ke0.621_knued0.165_20250906-152911_59632_8272",
    "elev": 20.0,
    "azim": -60.0,
    "eps": 1e-08,
    "G": 1.0,
    "seed": 0,
    "zero_init": false,
    "no_plots": true,
    "nu0": 0.002,
    "nu_max": 0.2,
    "turb": 0.0,
    "dtg": 1,
    "theta0": 1.0,
    "alpha_dtg": 0.6,
    "beta_dtg": 0.8,
    "b_dtg": 0.0,
    "tau_theta": 0.7153129625947141,
    "theta_min": 0.9052265243012197,
    "theta_max": 2.0,
    "dtheta_max": 0.15084981815552212,
    "k_nu": 0.0,
    "k_nu_ed": 0.16526477725272953,
    "k_ctrl": 0.27525661850710315,
    "k_ctrl_e": 0.6210981662456035,
    "lyap_const": 0.0,
    "no_soften_when_clamped": false,
    "R_esc": 10.0,
    "r_collide": 0.001,
    "r_bin": 0.5,
    "bin_hold": 1.0,
    "adaptive_step": true,
    "adapt_r_trigger": 0.02,
    "adapt_factor": 0.3,
    "min_max_step": 0.0002,
    "chunk": 0.5,
    "lyap_light": true,
    "lyap_light_dt": 0.01,
    "lyap_light_renorm": 50,
    "lyap_spectrum": false,
    "lyap_k": 3,
    "compare": false,
    "nu_scan": [],
    "drift_threshold": 0.05
  },
  "E0": -2.03375,
  "lyap_top": 0.7505171770988928,
  "lyap_spectrum": null,
  "lyap_score": 0.7505171770988928,
  "outputs": {
    "csv": "runs/auto_1510/auto_beta0.800_tau0.715_d0.151_thmin0.905_kc0.275_ke0.621_knued0.165_20250906-152911_59632_8272/data/threebody3d_exp2_a1.0_dtg1.csv",
    "csv_diagnostics": "runs/auto_1510/auto_beta0.800_tau0.715_d0.151_thmin0.905_kc0.275_ke0.621_knued0.165_20250906-152911_59632_8272/data/diagnostics_exp2_a1.0_dtg1.csv",
    "fig3d": null,
    "fig_xy": null,
    "drift": null,
    "theta": null,
    "distances": null
  },
  "events": {
    "escaped": false,
    "t_escape": null,
    "collided": false,
    "t_collision": null
  },
  "binary": {
    "flag": false,
    "r_bin": 0.5,
    "hold": 1.0
  },
  "end_state": {
    "rmin": 0.4504827301012666,
    "drift": -0.012101871602860893,
    "theta": 0.3923252442345835,
    "planar": false,
    "zmax": 1.7120561153122933,
    "fig8_phase": 1.4415554598991256,
    "theta_activity": 0.020255825192180547
  },
  "provenance": {
    "python": "3.9.12 (main, Apr  5 2022, 01:52:34) \n[Clang 12.0.0 ]",
    "platform": "macOS-15.6.1-arm64-arm-64bit",
    "numpy": "1.23.3",
    "pandas": "1.4.4",
    "cmd": "three_body_3d_ns_dtg_v3_3_stable.py --ic exp2 --alpha 1.0 --tmax 30.0 --dt 0.002 --dtg 1 --alpha_dtg 0.6 --beta_dtg 0.8 --tau_theta 0.7153129625947141 --dtheta_max 0.15084981815552212 --theta_min 0.9052265243012197 --theta_max 2.0 --k_ctrl 0.27525661850710315 --k_ctrl_e 0.6210981662456035 --k_nu 0.0 --k_nu_ed 0.16526477725272953 --nu0 0.002 --nu_max 0.2 --out runs/auto_1510/auto_beta0.800_tau0.715_d0.151_thmin0.905_kc0.275_ke0.621_knued0.165_20250906-152911_59632_8272 --no_plots --lyap_light --adaptive_step --adapt_r_trigger 0.02 --adapt_factor 0.3 --min_max_step 0.0002",
    "scipy": "1.12.0"
  }
}