{
  "timestamp": "2025-09-05 18:15:28",
  "args": {
    "ic": "exp2",
    "alpha": 1.0,
    "tmax": 20.0,
    "dt": 0.002,
    "out": "runs/auto/auto_beta0.547_tau0.766_d0.088_thmin0.930_kc0.198_ke0.316_knued0.300_20250905-181517",
    "elev": 20.0,
    "azim": -60.0,
    "eps": 1e-08,
    "G": 1.0,
    "seed": 0,
    "zero_init": false,
    "no_plots": true,
    "nu0": 0.002,
    "nu_max": 0.2,
    "turb": 0.0,
    "dtg": 1,
    "theta0": 1.0,
    "alpha_dtg": 0.6,
    "beta_dtg": 0.5465404172395815,
    "b_dtg": 0.0,
    "tau_theta": 0.7656483046953821,
    "theta_min": 0.9297935913089829,
    "theta_max": 2.0,
    "dtheta_max": 0.08847334342621502,
    "k_nu": 0.0,
    "k_nu_ed": 0.3,
    "k_ctrl": 0.1977928759199022,
    "k_ctrl_e": 0.3156326052985767,
    "lyap_const": 0.0,
    "no_soften_when_clamped": false,
    "R_esc": 10.0,
    "r_collide": 0.001,
    "r_bin": 0.5,
    "bin_hold": 1.0,
    "adaptive_step": false,
    "adapt_r_trigger": 0.02,
    "adapt_factor": 0.3,
    "min_max_step": 0.0002,
    "chunk": 0.5,
    "lyap_light": false,
    "lyap_light_dt": 0.01,
    "lyap_light_renorm": 50,
    "lyap_spectrum": false,
    "lyap_k": 3,
    "compare": false,
    "nu_scan": [],
    "drift_threshold": 0.05
  },
  "E0": -2.03375,
  "lyap_top": null,
  "lyap_spectrum": null,
  "lyap_score": 0.0,
  "outputs": {
    "csv": "runs/auto/auto_beta0.547_tau0.766_d0.088_thmin0.930_kc0.198_ke0.316_knued0.300_20250905-181517/data/threebody3d_exp2_a1.0_dtg1.csv",
    "csv_diagnostics": "runs/auto/auto_beta0.547_tau0.766_d0.088_thmin0.930_kc0.198_ke0.316_knued0.300_20250905-181517/data/diagnostics_exp2_a1.0_dtg1.csv",
    "fig3d": null,
    "fig_xy": null,
    "drift": null,
    "theta": null,
    "distances": null
  },
  "events": {
    "escaped": false,
    "t_escape": null,
    "collided": false,
    "t_collision": null
  },
  "binary": {
    "flag": false,
    "r_bin": 0.5,
    "hold": 1.0
  },
  "end_state": {
    "rmin": 0.5061828849381996,
    "drift": -0.006668697828578772,
    "theta": 0.9959989657804987,
    "planar": false,
    "zmax": 1.4181605546163853,
    "fig8_phase": 1.437804483760046,
    "theta_activity": 0.00020005171097506325
  },
  "provenance": {
    "python": "3.9.12 (main, Apr  5 2022, 01:52:34) \n[Clang 12.0.0 ]",
    "platform": "macOS-15.6.1-arm64-arm-64bit",
    "numpy": "1.23.3",
    "pandas": "1.4.4",
    "cmd": "three_body_3d_ns_dtg_v3_3_stable.py --ic exp2 --alpha 1.0 --tmax 20.0 --dt 0.002 --dtg 1 --alpha_dtg 0.6 --beta_dtg 0.5465404172395815 --tau_theta 0.7656483046953821 --dtheta_max 0.08847334342621502 --theta_min 0.9297935913089829 --theta_max 2.0 --k_ctrl 0.1977928759199022 --k_ctrl_e 0.3156326052985767 --k_nu 0.0 --k_nu_ed 0.3 --nu0 0.002 --nu_max 0.2 --out runs/auto/auto_beta0.547_tau0.766_d0.088_thmin0.930_kc0.198_ke0.316_knued0.300_20250905-181517 --no_plots",
    "scipy": "1.12.0"
  }
}