{
  "timestamp": "2025-09-06 08:04:46",
  "args": {
    "ic": "exp2",
    "alpha": 1.0,
    "tmax": 30.0,
    "dt": 0.002,
    "out": "runs/auto/auto_beta0.644_tau0.994_d0.160_thmin0.934_kc0.169_ke0.588_knued0.287_20250906-080424_28551_3868",
    "elev": 20.0,
    "azim": -60.0,
    "eps": 1e-08,
    "G": 1.0,
    "seed": 0,
    "zero_init": false,
    "no_plots": true,
    "nu0": 0.002,
    "nu_max": 0.2,
    "turb": 0.0,
    "dtg": 1,
    "theta0": 1.0,
    "alpha_dtg": 0.6,
    "beta_dtg": 0.643687101544324,
    "b_dtg": 0.0,
    "tau_theta": 0.9937633324603028,
    "theta_min": 0.9341348165680972,
    "theta_max": 2.0,
    "dtheta_max": 0.16,
    "k_nu": 0.0,
    "k_nu_ed": 0.2866319166312956,
    "k_ctrl": 0.16861048953086405,
    "k_ctrl_e": 0.5883840355157413,
    "lyap_const": 0.0,
    "no_soften_when_clamped": false,
    "R_esc": 10.0,
    "r_collide": 0.001,
    "r_bin": 0.5,
    "bin_hold": 1.0,
    "adaptive_step": false,
    "adapt_r_trigger": 0.02,
    "adapt_factor": 0.3,
    "min_max_step": 0.0002,
    "chunk": 0.5,
    "lyap_light": false,
    "lyap_light_dt": 0.01,
    "lyap_light_renorm": 50,
    "lyap_spectrum": false,
    "lyap_k": 3,
    "compare": false,
    "nu_scan": [],
    "drift_threshold": 0.05
  },
  "E0": -2.03375,
  "lyap_top": null,
  "lyap_spectrum": null,
  "lyap_score": 0.0,
  "outputs": {
    "csv": "runs/auto/auto_beta0.644_tau0.994_d0.160_thmin0.934_kc0.169_ke0.588_knued0.287_20250906-080424_28551_3868/data/threebody3d_exp2_a1.0_dtg1.csv",
    "csv_diagnostics": "runs/auto/auto_beta0.644_tau0.994_d0.160_thmin0.934_kc0.169_ke0.588_knued0.287_20250906-080424_28551_3868/data/diagnostics_exp2_a1.0_dtg1.csv",
    "fig3d": null,
    "fig_xy": null,
    "drift": null,
    "theta": null,
    "distances": null
  },
  "events": {
    "escaped": false,
    "t_escape": null,
    "collided": false,
    "t_collision": null
  },
  "binary": {
    "flag": false,
    "r_bin": 0.5,
    "hold": 1.0
  },
  "end_state": {
    "rmin": 0.15620007483912568,
    "drift": -0.006981887891808277,
    "theta": 0.9958109069150443,
    "planar": false,
    "zmax": 1.574965816943885,
    "fig8_phase": 1.3151083711249876,
    "theta_activity": 0.0001396364361651914
  },
  "provenance": {
    "python": "3.9.12 (main, Apr  5 2022, 01:52:34) \n[Clang 12.0.0 ]",
    "platform": "macOS-15.6.1-arm64-arm-64bit",
    "numpy": "1.23.3",
    "pandas": "1.4.4",
    "cmd": "three_body_3d_ns_dtg_v3_3_stable.py --ic exp2 --alpha 1.0 --tmax 30.0 --dt 0.002 --dtg 1 --alpha_dtg 0.6 --beta_dtg 0.643687101544324 --tau_theta 0.9937633324603028 --dtheta_max 0.16 --theta_min 0.9341348165680972 --theta_max 2.0 --k_ctrl 0.16861048953086405 --k_ctrl_e 0.5883840355157413 --k_nu 0.0 --k_nu_ed 0.2866319166312956 --nu0 0.002 --nu_max 0.2 --out runs/auto/auto_beta0.644_tau0.994_d0.160_thmin0.934_kc0.169_ke0.588_knued0.287_20250906-080424_28551_3868 --no_plots",
    "scipy": "1.12.0"
  }
}