{
  "timestamp": "2025-09-05 20:54:29",
  "args": {
    "ic": "exp2",
    "alpha": 1.0,
    "tmax": 30.0,
    "dt": 0.002,
    "out": "runs/auto/auto_beta0.546_tau0.796_d0.085_thmin0.980_kc0.150_ke0.525_knued0.245_20250905-205413",
    "elev": 20.0,
    "azim": -60.0,
    "eps": 1e-08,
    "G": 1.0,
    "seed": 0,
    "zero_init": false,
    "no_plots": true,
    "nu0": 0.002,
    "nu_max": 0.2,
    "turb": 0.0,
    "dtg": 1,
    "theta0": 1.0,
    "alpha_dtg": 0.6,
    "beta_dtg": 0.5461738062224744,
    "b_dtg": 0.0,
    "tau_theta": 0.7956325725763015,
    "theta_min": 0.98,
    "theta_max": 2.0,
    "dtheta_max": 0.08502021393418813,
    "k_nu": 0.0,
    "k_nu_ed": 0.24453046340610549,
    "k_ctrl": 0.15,
    "k_ctrl_e": 0.5246574747157262,
    "lyap_const": 0.0,
    "no_soften_when_clamped": false,
    "R_esc": 10.0,
    "r_collide": 0.001,
    "r_bin": 0.5,
    "bin_hold": 1.0,
    "adaptive_step": false,
    "adapt_r_trigger": 0.02,
    "adapt_factor": 0.3,
    "min_max_step": 0.0002,
    "chunk": 0.5,
    "lyap_light": false,
    "lyap_light_dt": 0.01,
    "lyap_light_renorm": 50,
    "lyap_spectrum": false,
    "lyap_k": 3,
    "compare": false,
    "nu_scan": [],
    "drift_threshold": 0.05
  },
  "E0": -2.03375,
  "lyap_top": null,
  "lyap_spectrum": null,
  "lyap_score": 0.0,
  "outputs": {
    "csv": "runs/auto/auto_beta0.546_tau0.796_d0.085_thmin0.980_kc0.150_ke0.525_knued0.245_20250905-205413/data/threebody3d_exp2_a1.0_dtg1.csv",
    "csv_diagnostics": "runs/auto/auto_beta0.546_tau0.796_d0.085_thmin0.980_kc0.150_ke0.525_knued0.245_20250905-205413/data/diagnostics_exp2_a1.0_dtg1.csv",
    "fig3d": null,
    "fig_xy": null,
    "drift": null,
    "theta": null,
    "distances": null
  },
  "events": {
    "escaped": false,
    "t_escape": null,
    "collided": false,
    "t_collision": null
  },
  "binary": {
    "flag": false,
    "r_bin": 0.5,
    "hold": 1.0
  },
  "end_state": {
    "rmin": 0.658493171124031,
    "drift": -0.008182371002561542,
    "theta": 0.995090634816889,
    "planar": false,
    "zmax": 1.600187530509468,
    "fig8_phase": 1.4002399220760064,
    "theta_activity": 0.00016364550610370083
  },
  "provenance": {
    "python": "3.9.12 (main, Apr  5 2022, 01:52:34) \n[Clang 12.0.0 ]",
    "platform": "macOS-15.6.1-arm64-arm-64bit",
    "numpy": "1.23.3",
    "pandas": "1.4.4",
    "cmd": "three_body_3d_ns_dtg_v3_3_stable.py --ic exp2 --alpha 1.0 --tmax 30.0 --dt 0.002 --dtg 1 --alpha_dtg 0.6 --beta_dtg 0.5461738062224744 --tau_theta 0.7956325725763015 --dtheta_max 0.08502021393418813 --theta_min 0.98 --theta_max 2.0 --k_ctrl 0.15 --k_ctrl_e 0.5246574747157262 --k_nu 0.0 --k_nu_ed 0.24453046340610549 --nu0 0.002 --nu_max 0.2 --out runs/auto/auto_beta0.546_tau0.796_d0.085_thmin0.980_kc0.150_ke0.525_knued0.245_20250905-205413 --no_plots",
    "scipy": "1.12.0"
  }
}