{
  "timestamp": "2025-09-06 08:15:16",
  "args": {
    "ic": "exp2",
    "alpha": 1.0,
    "tmax": 45.0,
    "dt": 0.002,
    "out": "runs/auto/auto_beta0.436_tau0.954_d0.134_thmin0.958_kc0.264_ke0.477_knued0.218_20250906-081444_30347_6611",
    "elev": 20.0,
    "azim": -60.0,
    "eps": 1e-08,
    "G": 1.0,
    "seed": 0,
    "zero_init": false,
    "no_plots": true,
    "nu0": 0.002,
    "nu_max": 0.2,
    "turb": 0.0,
    "dtg": 1,
    "theta0": 1.0,
    "alpha_dtg": 0.6,
    "beta_dtg": 0.4358661454471501,
    "b_dtg": 0.0,
    "tau_theta": 0.9544975565322421,
    "theta_min": 0.9577033504932048,
    "theta_max": 2.0,
    "dtheta_max": 0.1339118651070925,
    "k_nu": 0.0,
    "k_nu_ed": 0.21782184443065566,
    "k_ctrl": 0.26376278875453735,
    "k_ctrl_e": 0.4767952781851169,
    "lyap_const": 0.0,
    "no_soften_when_clamped": false,
    "R_esc": 10.0,
    "r_collide": 0.001,
    "r_bin": 0.5,
    "bin_hold": 1.0,
    "adaptive_step": false,
    "adapt_r_trigger": 0.02,
    "adapt_factor": 0.3,
    "min_max_step": 0.0002,
    "chunk": 0.5,
    "lyap_light": false,
    "lyap_light_dt": 0.01,
    "lyap_light_renorm": 50,
    "lyap_spectrum": false,
    "lyap_k": 3,
    "compare": false,
    "nu_scan": [],
    "drift_threshold": 0.05
  },
  "E0": -2.03375,
  "lyap_top": null,
  "lyap_spectrum": null,
  "lyap_score": 0.0,
  "outputs": {
    "csv": "runs/auto/auto_beta0.436_tau0.954_d0.134_thmin0.958_kc0.264_ke0.477_knued0.218_20250906-081444_30347_6611/data/threebody3d_exp2_a1.0_dtg1.csv",
    "csv_diagnostics": "runs/auto/auto_beta0.436_tau0.954_d0.134_thmin0.958_kc0.264_ke0.477_knued0.218_20250906-081444_30347_6611/data/diagnostics_exp2_a1.0_dtg1.csv",
    "fig3d": null,
    "fig_xy": null,
    "drift": null,
    "theta": null,
    "distances": null
  },
  "events": {
    "escaped": false,
    "t_escape": null,
    "collided": false,
    "t_collision": null
  },
  "binary": {
    "flag": false,
    "r_bin": 0.5,
    "hold": 1.0
  },
  "end_state": {
    "rmin": 0.3776037592904784,
    "drift": -0.00918531864553187,
    "theta": 0.9944888562754937,
    "planar": false,
    "zmax": 2.8892385658188617,
    "fig8_phase": 1.7860167062450845,
    "theta_activity": 0.00012246991656198838
  },
  "provenance": {
    "python": "3.9.12 (main, Apr  5 2022, 01:52:34) \n[Clang 12.0.0 ]",
    "platform": "macOS-15.6.1-arm64-arm-64bit",
    "numpy": "1.23.3",
    "pandas": "1.4.4",
    "cmd": "three_body_3d_ns_dtg_v3_3_stable.py --ic exp2 --alpha 1.0 --tmax 45.0 --dt 0.002 --dtg 1 --alpha_dtg 0.6 --beta_dtg 0.4358661454471501 --tau_theta 0.9544975565322421 --dtheta_max 0.1339118651070925 --theta_min 0.9577033504932048 --theta_max 2.0 --k_ctrl 0.26376278875453735 --k_ctrl_e 0.4767952781851169 --k_nu 0.0 --k_nu_ed 0.21782184443065566 --nu0 0.002 --nu_max 0.2 --out runs/auto/auto_beta0.436_tau0.954_d0.134_thmin0.958_kc0.264_ke0.477_knued0.218_20250906-081444_30347_6611 --no_plots",
    "scipy": "1.12.0"
  }
}