{
  "timestamp": "2025-09-06 08:03:40",
  "args": {
    "ic": "exp2",
    "alpha": 1.0,
    "tmax": 30.0,
    "dt": 0.002,
    "out": "runs/auto/auto_beta0.453_tau0.986_d0.112_thmin0.925_kc0.209_ke0.514_knued0.229_20250906-080318_28461_2373",
    "elev": 20.0,
    "azim": -60.0,
    "eps": 1e-08,
    "G": 1.0,
    "seed": 0,
    "zero_init": false,
    "no_plots": true,
    "nu0": 0.002,
    "nu_max": 0.2,
    "turb": 0.0,
    "dtg": 1,
    "theta0": 1.0,
    "alpha_dtg": 0.6,
    "beta_dtg": 0.45342465397359755,
    "b_dtg": 0.0,
    "tau_theta": 0.9861214094069253,
    "theta_min": 0.9250096023010638,
    "theta_max": 2.0,
    "dtheta_max": 0.11188154815521008,
    "k_nu": 0.0,
    "k_nu_ed": 0.2290599849075985,
    "k_ctrl": 0.20884443292923538,
    "k_ctrl_e": 0.5142239001991586,
    "lyap_const": 0.0,
    "no_soften_when_clamped": false,
    "R_esc": 10.0,
    "r_collide": 0.001,
    "r_bin": 0.5,
    "bin_hold": 1.0,
    "adaptive_step": false,
    "adapt_r_trigger": 0.02,
    "adapt_factor": 0.3,
    "min_max_step": 0.0002,
    "chunk": 0.5,
    "lyap_light": false,
    "lyap_light_dt": 0.01,
    "lyap_light_renorm": 50,
    "lyap_spectrum": false,
    "lyap_k": 3,
    "compare": false,
    "nu_scan": [],
    "drift_threshold": 0.05
  },
  "E0": -2.03375,
  "lyap_top": null,
  "lyap_spectrum": null,
  "lyap_score": 0.0,
  "outputs": {
    "csv": "runs/auto/auto_beta0.453_tau0.986_d0.112_thmin0.925_kc0.209_ke0.514_knued0.229_20250906-080318_28461_2373/data/threebody3d_exp2_a1.0_dtg1.csv",
    "csv_diagnostics": "runs/auto/auto_beta0.453_tau0.986_d0.112_thmin0.925_kc0.209_ke0.514_knued0.229_20250906-080318_28461_2373/data/diagnostics_exp2_a1.0_dtg1.csv",
    "fig3d": null,
    "fig_xy": null,
    "drift": null,
    "theta": null,
    "distances": null
  },
  "events": {
    "escaped": false,
    "t_escape": null,
    "collided": false,
    "t_collision": null
  },
  "binary": {
    "flag": false,
    "r_bin": 0.5,
    "hold": 1.0
  },
  "end_state": {
    "rmin": 0.3396737563751829,
    "drift": -0.008734269019300868,
    "theta": 0.9947595663178591,
    "planar": false,
    "zmax": 1.6245080858576006,
    "fig8_phase": 1.4243263547634064,
    "theta_activity": 0.00017468112273802958
  },
  "provenance": {
    "python": "3.9.12 (main, Apr  5 2022, 01:52:34) \n[Clang 12.0.0 ]",
    "platform": "macOS-15.6.1-arm64-arm-64bit",
    "numpy": "1.23.3",
    "pandas": "1.4.4",
    "cmd": "three_body_3d_ns_dtg_v3_3_stable.py --ic exp2 --alpha 1.0 --tmax 30.0 --dt 0.002 --dtg 1 --alpha_dtg 0.6 --beta_dtg 0.45342465397359755 --tau_theta 0.9861214094069253 --dtheta_max 0.11188154815521008 --theta_min 0.9250096023010638 --theta_max 2.0 --k_ctrl 0.20884443292923538 --k_ctrl_e 0.5142239001991586 --k_nu 0.0 --k_nu_ed 0.2290599849075985 --nu0 0.002 --nu_max 0.2 --out runs/auto/auto_beta0.453_tau0.986_d0.112_thmin0.925_kc0.209_ke0.514_knued0.229_20250906-080318_28461_2373 --no_plots",
    "scipy": "1.12.0"
  }
}