{
  "timestamp": "2025-09-06 00:12:34",
  "args": {
    "ic": "exp2",
    "alpha": 1.0,
    "tmax": 30.0,
    "dt": 0.002,
    "out": "runs/auto/auto_beta0.676_tau0.611_d0.087_thmin0.928_kc0.279_ke0.513_knued0.299_20250906-001212_14898_5611",
    "elev": 20.0,
    "azim": -60.0,
    "eps": 1e-08,
    "G": 1.0,
    "seed": 0,
    "zero_init": false,
    "no_plots": true,
    "nu0": 0.002,
    "nu_max": 0.2,
    "turb": 0.0,
    "dtg": 1,
    "theta0": 1.0,
    "alpha_dtg": 0.6,
    "beta_dtg": 0.676332178362188,
    "b_dtg": 0.0,
    "tau_theta": 0.6109656788422554,
    "theta_min": 0.9283157707898408,
    "theta_max": 2.0,
    "dtheta_max": 0.0870966874857322,
    "k_nu": 0.0,
    "k_nu_ed": 0.29884014230077716,
    "k_ctrl": 0.27877417983181607,
    "k_ctrl_e": 0.5129260765747347,
    "lyap_const": 0.0,
    "no_soften_when_clamped": false,
    "R_esc": 10.0,
    "r_collide": 0.001,
    "r_bin": 0.5,
    "bin_hold": 1.0,
    "adaptive_step": false,
    "adapt_r_trigger": 0.02,
    "adapt_factor": 0.3,
    "min_max_step": 0.0002,
    "chunk": 0.5,
    "lyap_light": false,
    "lyap_light_dt": 0.01,
    "lyap_light_renorm": 50,
    "lyap_spectrum": false,
    "lyap_k": 3,
    "compare": false,
    "nu_scan": [],
    "drift_threshold": 0.05
  },
  "E0": -2.03375,
  "lyap_top": null,
  "lyap_spectrum": null,
  "lyap_score": 0.0,
  "outputs": {
    "csv": "runs/auto/auto_beta0.676_tau0.611_d0.087_thmin0.928_kc0.279_ke0.513_knued0.299_20250906-001212_14898_5611/data/threebody3d_exp2_a1.0_dtg1.csv",
    "csv_diagnostics": "runs/auto/auto_beta0.676_tau0.611_d0.087_thmin0.928_kc0.279_ke0.513_knued0.299_20250906-001212_14898_5611/data/diagnostics_exp2_a1.0_dtg1.csv",
    "fig3d": null,
    "fig_xy": null,
    "drift": null,
    "theta": null,
    "distances": null
  },
  "events": {
    "escaped": false,
    "t_escape": null,
    "collided": false,
    "t_collision": null
  },
  "binary": {
    "flag": false,
    "r_bin": 0.5,
    "hold": 1.0
  },
  "end_state": {
    "rmin": 0.6871586330762838,
    "drift": -0.00669686688735871,
    "theta": 0.9959818820661261,
    "planar": false,
    "zmax": 1.557379039005063,
    "fig8_phase": 1.2577069435405455,
    "theta_activity": 0.00013393726446246182
  },
  "provenance": {
    "python": "3.9.12 (main, Apr  5 2022, 01:52:34) \n[Clang 12.0.0 ]",
    "platform": "macOS-15.6.1-arm64-arm-64bit",
    "numpy": "1.23.3",
    "pandas": "1.4.4",
    "cmd": "three_body_3d_ns_dtg_v3_3_stable.py --ic exp2 --alpha 1.0 --tmax 30.0 --dt 0.002 --dtg 1 --alpha_dtg 0.6 --beta_dtg 0.676332178362188 --tau_theta 0.6109656788422554 --dtheta_max 0.0870966874857322 --theta_min 0.9283157707898408 --theta_max 2.0 --k_ctrl 0.27877417983181607 --k_ctrl_e 0.5129260765747347 --k_nu 0.0 --k_nu_ed 0.29884014230077716 --nu0 0.002 --nu_max 0.2 --out runs/auto/auto_beta0.676_tau0.611_d0.087_thmin0.928_kc0.279_ke0.513_knued0.299_20250906-001212_14898_5611 --no_plots",
    "scipy": "1.12.0"
  }
}