{
  "timestamp": "2025-09-06 15:42:28",
  "args": {
    "ic": "exp2",
    "alpha": 1.0,
    "tmax": 30.0,
    "dt": 0.002,
    "out": "runs/auto_1539/auto_beta0.383_tau0.989_d0.097_thmin0.932_kc0.159_ke0.452_knued0.298_20250906-154209_61653_8678",
    "elev": 20.0,
    "azim": -60.0,
    "eps": 1e-08,
    "G": 1.0,
    "seed": 0,
    "zero_init": false,
    "no_plots": true,
    "nu0": 0.002,
    "nu_max": 0.2,
    "turb": 0.0,
    "dtg": 1,
    "theta0": 1.0,
    "alpha_dtg": 0.6,
    "beta_dtg": 0.383155555301957,
    "b_dtg": 0.0,
    "tau_theta": 0.9885129003605747,
    "theta_min": 0.9320832234039562,
    "theta_max": 2.0,
    "dtheta_max": 0.09709978393593453,
    "k_nu": 0.0,
    "k_nu_ed": 0.29779632656695887,
    "k_ctrl": 0.15879530999582683,
    "k_ctrl_e": 0.4515892475907664,
    "lyap_const": 0.0,
    "no_soften_when_clamped": false,
    "R_esc": 10.0,
    "r_collide": 0.001,
    "r_bin": 0.5,
    "bin_hold": 1.0,
    "adaptive_step": true,
    "adapt_r_trigger": 0.02,
    "adapt_factor": 0.3,
    "min_max_step": 0.0002,
    "chunk": 0.5,
    "lyap_light": true,
    "lyap_light_dt": 0.01,
    "lyap_light_renorm": 50,
    "lyap_spectrum": false,
    "lyap_k": 3,
    "compare": false,
    "nu_scan": [],
    "drift_threshold": 0.05
  },
  "E0": -2.03375,
  "lyap_top": 0.7505171770988928,
  "lyap_spectrum": null,
  "lyap_score": 0.7505171770988928,
  "outputs": {
    "csv": "runs/auto_1539/auto_beta0.383_tau0.989_d0.097_thmin0.932_kc0.159_ke0.452_knued0.298_20250906-154209_61653_8678/data/threebody3d_exp2_a1.0_dtg1.csv",
    "csv_diagnostics": "runs/auto_1539/auto_beta0.383_tau0.989_d0.097_thmin0.932_kc0.159_ke0.452_knued0.298_20250906-154209_61653_8678/data/diagnostics_exp2_a1.0_dtg1.csv",
    "fig3d": null,
    "fig_xy": null,
    "drift": null,
    "theta": null,
    "distances": null
  },
  "events": {
    "escaped": false,
    "t_escape": null,
    "collided": false,
    "t_collision": null
  },
  "binary": {
    "flag": false,
    "r_bin": 0.5,
    "hold": 1.0
  },
  "end_state": {
    "rmin": 0.751460751296285,
    "drift": -0.006720335631122144,
    "theta": 0.7084029881347125,
    "planar": false,
    "zmax": 1.5604879523460677,
    "fig8_phase": 1.2539145384157697,
    "theta_activity": 0.009719900395509585
  },
  "provenance": {
    "python": "3.9.12 (main, Apr  5 2022, 01:52:34) \n[Clang 12.0.0 ]",
    "platform": "macOS-15.6.1-arm64-arm-64bit",
    "numpy": "1.23.3",
    "pandas": "1.4.4",
    "cmd": "three_body_3d_ns_dtg_v3_3_stable.py --ic exp2 --alpha 1.0 --tmax 30.0 --dt 0.002 --dtg 1 --alpha_dtg 0.6 --beta_dtg 0.383155555301957 --tau_theta 0.9885129003605747 --dtheta_max 0.09709978393593453 --theta_min 0.9320832234039562 --theta_max 2.0 --k_ctrl 0.15879530999582683 --k_ctrl_e 0.4515892475907664 --k_nu 0.0 --k_nu_ed 0.29779632656695887 --nu0 0.002 --nu_max 0.2 --out runs/auto_1539/auto_beta0.383_tau0.989_d0.097_thmin0.932_kc0.159_ke0.452_knued0.298_20250906-154209_61653_8678 --no_plots --lyap_light --adaptive_step --adapt_r_trigger 0.02 --adapt_factor 0.3 --min_max_step 0.0002",
    "scipy": "1.12.0"
  }
}