{
  "timestamp": "2025-09-06 08:13:35",
  "args": {
    "ic": "exp2",
    "alpha": 1.0,
    "tmax": 45.0,
    "dt": 0.002,
    "out": "runs/auto/auto_beta0.338_tau0.741_d0.080_thmin0.934_kc0.204_ke0.526_knued0.258_20250906-081313_30237_2568",
    "elev": 20.0,
    "azim": -60.0,
    "eps": 1e-08,
    "G": 1.0,
    "seed": 0,
    "zero_init": false,
    "no_plots": true,
    "nu0": 0.002,
    "nu_max": 0.2,
    "turb": 0.0,
    "dtg": 1,
    "theta0": 1.0,
    "alpha_dtg": 0.6,
    "beta_dtg": 0.33842331093210265,
    "b_dtg": 0.0,
    "tau_theta": 0.7405884054735234,
    "theta_min": 0.934226409419209,
    "theta_max": 2.0,
    "dtheta_max": 0.08,
    "k_nu": 0.0,
    "k_nu_ed": 0.25824008830384365,
    "k_ctrl": 0.20378764668016186,
    "k_ctrl_e": 0.525886351537688,
    "lyap_const": 0.0,
    "no_soften_when_clamped": false,
    "R_esc": 10.0,
    "r_collide": 0.001,
    "r_bin": 0.5,
    "bin_hold": 1.0,
    "adaptive_step": false,
    "adapt_r_trigger": 0.02,
    "adapt_factor": 0.3,
    "min_max_step": 0.0002,
    "chunk": 0.5,
    "lyap_light": false,
    "lyap_light_dt": 0.01,
    "lyap_light_renorm": 50,
    "lyap_spectrum": false,
    "lyap_k": 3,
    "compare": false,
    "nu_scan": [],
    "drift_threshold": 0.05
  },
  "E0": -2.03375,
  "lyap_top": null,
  "lyap_spectrum": null,
  "lyap_score": 0.0,
  "outputs": {
    "csv": "runs/auto/auto_beta0.338_tau0.741_d0.080_thmin0.934_kc0.204_ke0.526_knued0.258_20250906-081313_30237_2568/data/threebody3d_exp2_a1.0_dtg1.csv",
    "csv_diagnostics": "runs/auto/auto_beta0.338_tau0.741_d0.080_thmin0.934_kc0.204_ke0.526_knued0.258_20250906-081313_30237_2568/data/diagnostics_exp2_a1.0_dtg1.csv",
    "fig3d": null,
    "fig_xy": null,
    "drift": null,
    "theta": null,
    "distances": null
  },
  "events": {
    "escaped": false,
    "t_escape": null,
    "collided": true,
    "t_collision": 29.43445993531924
  },
  "binary": {
    "flag": false,
    "r_bin": 0.5,
    "hold": 1.0
  },
  "end_state": {
    "rmin": 0.01213552232029877,
    "drift": -0.007748433491357242,
    "theta": 0.9953509962963162,
    "planar": false,
    "zmax": 1.5777618680182492,
    "fig8_phase": 1.410868878864639,
    "theta_activity": 0.00015794671820628585
  },
  "provenance": {
    "python": "3.9.12 (main, Apr  5 2022, 01:52:34) \n[Clang 12.0.0 ]",
    "platform": "macOS-15.6.1-arm64-arm-64bit",
    "numpy": "1.23.3",
    "pandas": "1.4.4",
    "cmd": "three_body_3d_ns_dtg_v3_3_stable.py --ic exp2 --alpha 1.0 --tmax 45.0 --dt 0.002 --dtg 1 --alpha_dtg 0.6 --beta_dtg 0.33842331093210265 --tau_theta 0.7405884054735234 --dtheta_max 0.08 --theta_min 0.934226409419209 --theta_max 2.0 --k_ctrl 0.20378764668016186 --k_ctrl_e 0.525886351537688 --k_nu 0.0 --k_nu_ed 0.25824008830384365 --nu0 0.002 --nu_max 0.2 --out runs/auto/auto_beta0.338_tau0.741_d0.080_thmin0.934_kc0.204_ke0.526_knued0.258_20250906-081313_30237_2568 --no_plots",
    "scipy": "1.12.0"
  }
}