{
  "timestamp": "2025-09-06 15:02:43",
  "args": {
    "ic": "exp2",
    "alpha": 1.0,
    "tmax": 30.0,
    "dt": 0.002,
    "out": "runs/auto/auto_beta0.529_tau1.092_d0.133_thmin0.975_kc0.300_ke0.469_knued0.185_20250906-150224_52478_9461",
    "elev": 20.0,
    "azim": -60.0,
    "eps": 1e-08,
    "G": 1.0,
    "seed": 0,
    "zero_init": false,
    "no_plots": true,
    "nu0": 0.002,
    "nu_max": 0.2,
    "turb": 0.0,
    "dtg": 1,
    "theta0": 1.0,
    "alpha_dtg": 0.6,
    "beta_dtg": 0.5294184429274893,
    "b_dtg": 0.0,
    "tau_theta": 1.0915026056709036,
    "theta_min": 0.9754921996814266,
    "theta_max": 2.0,
    "dtheta_max": 0.13286798462545607,
    "k_nu": 0.0,
    "k_nu_ed": 0.1852717902241659,
    "k_ctrl": 0.3,
    "k_ctrl_e": 0.4686068796357732,
    "lyap_const": 0.0,
    "no_soften_when_clamped": false,
    "R_esc": 10.0,
    "r_collide": 0.001,
    "r_bin": 0.5,
    "bin_hold": 1.0,
    "adaptive_step": true,
    "adapt_r_trigger": 0.02,
    "adapt_factor": 0.3,
    "min_max_step": 0.0002,
    "chunk": 0.5,
    "lyap_light": true,
    "lyap_light_dt": 0.01,
    "lyap_light_renorm": 50,
    "lyap_spectrum": false,
    "lyap_k": 3,
    "compare": false,
    "nu_scan": [],
    "drift_threshold": 0.05
  },
  "E0": -2.03375,
  "lyap_top": 0.7505171770988928,
  "lyap_spectrum": null,
  "lyap_score": 0.7505171770988928,
  "outputs": {
    "csv": "runs/auto/auto_beta0.529_tau1.092_d0.133_thmin0.975_kc0.300_ke0.469_knued0.185_20250906-150224_52478_9461/data/threebody3d_exp2_a1.0_dtg1.csv",
    "csv_diagnostics": "runs/auto/auto_beta0.529_tau1.092_d0.133_thmin0.975_kc0.300_ke0.469_knued0.185_20250906-150224_52478_9461/data/diagnostics_exp2_a1.0_dtg1.csv",
    "fig3d": null,
    "fig_xy": null,
    "drift": null,
    "theta": null,
    "distances": null
  },
  "events": {
    "escaped": false,
    "t_escape": null,
    "collided": false,
    "t_collision": null
  },
  "binary": {
    "flag": false,
    "r_bin": 0.5,
    "hold": 1.0
  },
  "end_state": {
    "rmin": 0.5386391816823077,
    "drift": -0.01079601000080989,
    "theta": 0.5961849245321318,
    "planar": false,
    "zmax": 1.687037499002882,
    "fig8_phase": 1.4396627240643853,
    "theta_activity": 0.013460502515595607
  },
  "provenance": {
    "python": "3.9.12 (main, Apr  5 2022, 01:52:34) \n[Clang 12.0.0 ]",
    "platform": "macOS-15.6.1-arm64-arm-64bit",
    "numpy": "1.23.3",
    "pandas": "1.4.4",
    "cmd": "three_body_3d_ns_dtg_v3_3_stable.py --ic exp2 --alpha 1.0 --tmax 30.0 --dt 0.002 --dtg 1 --alpha_dtg 0.6 --beta_dtg 0.5294184429274893 --tau_theta 1.0915026056709036 --dtheta_max 0.13286798462545607 --theta_min 0.9754921996814266 --theta_max 2.0 --k_ctrl 0.3 --k_ctrl_e 0.4686068796357732 --k_nu 0.0 --k_nu_ed 0.1852717902241659 --nu0 0.002 --nu_max 0.2 --out runs/auto/auto_beta0.529_tau1.092_d0.133_thmin0.975_kc0.300_ke0.469_knued0.185_20250906-150224_52478_9461 --no_plots --lyap_light --adaptive_step --adapt_r_trigger 0.02 --adapt_factor 0.3 --min_max_step 0.0002",
    "scipy": "1.12.0"
  }
}