{
  "timestamp": "2025-09-04 22:12:42",
  "args": {
    "ic": "exp2",
    "alpha": 1.0,
    "tmax": 20.0,
    "dt": 0.002,
    "out": "runs/auto/auto_beta0.780_tau1.129_d0.080_thmin0.946_kc0.300_ke0.515_knued0.292_20250904-221231",
    "elev": 20.0,
    "azim": -60.0,
    "eps": 1e-08,
    "G": 1.0,
    "seed": 0,
    "zero_init": false,
    "no_plots": true,
    "nu0": 0.002,
    "nu_max": 0.2,
    "turb": 0.0,
    "dtg": 1,
    "theta0": 1.0,
    "alpha_dtg": 0.6,
    "beta_dtg": 0.7799700557399812,
    "b_dtg": 0.0,
    "tau_theta": 1.1290857151168316,
    "theta_min": 0.9464402244763096,
    "theta_max": 2.0,
    "dtheta_max": 0.08,
    "k_nu": 0.0,
    "k_nu_ed": 0.29193613672935037,
    "k_ctrl": 0.3,
    "k_ctrl_e": 0.5152543175662679,
    "lyap_const": 0.0,
    "no_soften_when_clamped": false,
    "R_esc": 10.0,
    "r_collide": 0.001,
    "r_bin": 0.5,
    "bin_hold": 1.0,
    "adaptive_step": false,
    "adapt_r_trigger": 0.02,
    "adapt_factor": 0.3,
    "min_max_step": 0.0002,
    "chunk": 0.5,
    "lyap_light": false,
    "lyap_light_dt": 0.01,
    "lyap_light_renorm": 50,
    "lyap_spectrum": false,
    "lyap_k": 3,
    "compare": false,
    "nu_scan": [],
    "drift_threshold": 0.05
  },
  "E0": -2.03375,
  "lyap_top": null,
  "lyap_spectrum": null,
  "lyap_score": 0.0,
  "outputs": {
    "csv": "runs/auto/auto_beta0.780_tau1.129_d0.080_thmin0.946_kc0.300_ke0.515_knued0.292_20250904-221231/data/threebody3d_exp2_a1.0_dtg1.csv",
    "csv_diagnostics": "runs/auto/auto_beta0.780_tau1.129_d0.080_thmin0.946_kc0.300_ke0.515_knued0.292_20250904-221231/data/diagnostics_exp2_a1.0_dtg1.csv",
    "fig3d": null,
    "fig_xy": null,
    "drift": null,
    "theta": null,
    "distances": null
  },
  "events": {
    "escaped": false,
    "t_escape": null,
    "collided": false,
    "t_collision": null
  },
  "binary": {
    "flag": false,
    "r_bin": 0.5,
    "hold": 1.0
  },
  "end_state": {
    "rmin": 0.5291247571541546,
    "drift": -0.006852622028935019,
    "theta": 0.9958887063240908,
    "planar": false,
    "zmax": 1.4286141591639934,
    "fig8_phase": 1.4967584586602842,
    "theta_activity": 0.00020556468379546165
  },
  "provenance": {
    "python": "3.9.12 (main, Apr  5 2022, 01:52:34) \n[Clang 12.0.0 ]",
    "platform": "macOS-15.6.1-arm64-arm-64bit",
    "numpy": "1.23.3",
    "pandas": "1.4.4",
    "cmd": "three_body_3d_ns_dtg_v3_3_stable.py --ic exp2 --alpha 1.0 --tmax 20.0 --dt 0.002 --dtg 1 --alpha_dtg 0.6 --beta_dtg 0.7799700557399812 --tau_theta 1.1290857151168316 --dtheta_max 0.08 --theta_min 0.9464402244763096 --theta_max 2.0 --k_ctrl 0.3 --k_ctrl_e 0.5152543175662679 --k_nu 0.0 --k_nu_ed 0.29193613672935037 --nu0 0.002 --nu_max 0.2 --out runs/auto/auto_beta0.780_tau1.129_d0.080_thmin0.946_kc0.300_ke0.515_knued0.292_20250904-221231 --no_plots",
    "scipy": "1.12.0"
  }
}