{
  "timestamp": "2025-09-06 15:15:03",
  "args": {
    "ic": "exp2",
    "alpha": 1.0,
    "tmax": 30.0,
    "dt": 0.002,
    "out": "runs/auto_1510/auto_beta0.748_tau0.853_d0.098_thmin0.974_kc0.215_ke0.330_knued0.183_20250906-151443_56104_2513",
    "elev": 20.0,
    "azim": -60.0,
    "eps": 1e-08,
    "G": 1.0,
    "seed": 0,
    "zero_init": false,
    "no_plots": true,
    "nu0": 0.002,
    "nu_max": 0.2,
    "turb": 0.0,
    "dtg": 1,
    "theta0": 1.0,
    "alpha_dtg": 0.6,
    "beta_dtg": 0.7475449752989577,
    "b_dtg": 0.0,
    "tau_theta": 0.8534511991932032,
    "theta_min": 0.9742160000051129,
    "theta_max": 2.0,
    "dtheta_max": 0.0983191689944114,
    "k_nu": 0.0,
    "k_nu_ed": 0.18283994946446927,
    "k_ctrl": 0.2152830090425106,
    "k_ctrl_e": 0.3296756730240026,
    "lyap_const": 0.0,
    "no_soften_when_clamped": false,
    "R_esc": 10.0,
    "r_collide": 0.001,
    "r_bin": 0.5,
    "bin_hold": 1.0,
    "adaptive_step": true,
    "adapt_r_trigger": 0.02,
    "adapt_factor": 0.3,
    "min_max_step": 0.0002,
    "chunk": 0.5,
    "lyap_light": true,
    "lyap_light_dt": 0.01,
    "lyap_light_renorm": 50,
    "lyap_spectrum": false,
    "lyap_k": 3,
    "compare": false,
    "nu_scan": [],
    "drift_threshold": 0.05
  },
  "E0": -2.03375,
  "lyap_top": 0.7505171770988928,
  "lyap_spectrum": null,
  "lyap_score": 0.7505171770988928,
  "outputs": {
    "csv": "runs/auto_1510/auto_beta0.748_tau0.853_d0.098_thmin0.974_kc0.215_ke0.330_knued0.183_20250906-151443_56104_2513/data/threebody3d_exp2_a1.0_dtg1.csv",
    "csv_diagnostics": "runs/auto_1510/auto_beta0.748_tau0.853_d0.098_thmin0.974_kc0.215_ke0.330_knued0.183_20250906-151443_56104_2513/data/diagnostics_exp2_a1.0_dtg1.csv",
    "fig3d": null,
    "fig_xy": null,
    "drift": null,
    "theta": null,
    "distances": null
  },
  "events": {
    "escaped": false,
    "t_escape": null,
    "collided": false,
    "t_collision": null
  },
  "binary": {
    "flag": false,
    "r_bin": 0.5,
    "hold": 1.0
  },
  "end_state": {
    "rmin": 0.5341343688058945,
    "drift": -0.010939470930163436,
    "theta": 0.4323910969705482,
    "planar": false,
    "zmax": 1.6900615241008055,
    "fig8_phase": 1.439974529530456,
    "theta_activity": 0.01892029676764839
  },
  "provenance": {
    "python": "3.9.12 (main, Apr  5 2022, 01:52:34) \n[Clang 12.0.0 ]",
    "platform": "macOS-15.6.1-arm64-arm-64bit",
    "numpy": "1.23.3",
    "pandas": "1.4.4",
    "cmd": "three_body_3d_ns_dtg_v3_3_stable.py --ic exp2 --alpha 1.0 --tmax 30.0 --dt 0.002 --dtg 1 --alpha_dtg 0.6 --beta_dtg 0.7475449752989577 --tau_theta 0.8534511991932032 --dtheta_max 0.0983191689944114 --theta_min 0.9742160000051129 --theta_max 2.0 --k_ctrl 0.2152830090425106 --k_ctrl_e 0.3296756730240026 --k_nu 0.0 --k_nu_ed 0.18283994946446927 --nu0 0.002 --nu_max 0.2 --out runs/auto_1510/auto_beta0.748_tau0.853_d0.098_thmin0.974_kc0.215_ke0.330_knued0.183_20250906-151443_56104_2513 --no_plots --lyap_light --adaptive_step --adapt_r_trigger 0.02 --adapt_factor 0.3 --min_max_step 0.0002",
    "scipy": "1.12.0"
  }
}