{
  "timestamp": "2025-09-06 08:06:14",
  "args": {
    "ic": "exp2",
    "alpha": 1.0,
    "tmax": 30.0,
    "dt": 0.002,
    "out": "runs/auto/auto_beta0.466_tau1.027_d0.123_thmin0.955_kc0.205_ke0.565_knued0.256_20250906-080552_28635_6655",
    "elev": 20.0,
    "azim": -60.0,
    "eps": 1e-08,
    "G": 1.0,
    "seed": 0,
    "zero_init": false,
    "no_plots": true,
    "nu0": 0.002,
    "nu_max": 0.2,
    "turb": 0.0,
    "dtg": 1,
    "theta0": 1.0,
    "alpha_dtg": 0.6,
    "beta_dtg": 0.4655059756917646,
    "b_dtg": 0.0,
    "tau_theta": 1.0266016061468028,
    "theta_min": 0.9547495710414439,
    "theta_max": 2.0,
    "dtheta_max": 0.1230483198220288,
    "k_nu": 0.0,
    "k_nu_ed": 0.25613607447877945,
    "k_ctrl": 0.20470391586492337,
    "k_ctrl_e": 0.5653269494596834,
    "lyap_const": 0.0,
    "no_soften_when_clamped": false,
    "R_esc": 10.0,
    "r_collide": 0.001,
    "r_bin": 0.5,
    "bin_hold": 1.0,
    "adaptive_step": false,
    "adapt_r_trigger": 0.02,
    "adapt_factor": 0.3,
    "min_max_step": 0.0002,
    "chunk": 0.5,
    "lyap_light": false,
    "lyap_light_dt": 0.01,
    "lyap_light_renorm": 50,
    "lyap_spectrum": false,
    "lyap_k": 3,
    "compare": false,
    "nu_scan": [],
    "drift_threshold": 0.05
  },
  "E0": -2.03375,
  "lyap_top": null,
  "lyap_spectrum": null,
  "lyap_score": 0.0,
  "outputs": {
    "csv": "runs/auto/auto_beta0.466_tau1.027_d0.123_thmin0.955_kc0.205_ke0.565_knued0.256_20250906-080552_28635_6655/data/threebody3d_exp2_a1.0_dtg1.csv",
    "csv_diagnostics": "runs/auto/auto_beta0.466_tau1.027_d0.123_thmin0.955_kc0.205_ke0.565_knued0.256_20250906-080552_28635_6655/data/diagnostics_exp2_a1.0_dtg1.csv",
    "fig3d": null,
    "fig_xy": null,
    "drift": null,
    "theta": null,
    "distances": null
  },
  "events": {
    "escaped": false,
    "t_escape": null,
    "collided": true,
    "t_collision": 29.376812640114412
  },
  "binary": {
    "flag": false,
    "r_bin": 0.5,
    "hold": 1.0
  },
  "end_state": {
    "rmin": 0.01764568104948784,
    "drift": -0.007811858783338031,
    "theta": 0.9953129893096901,
    "planar": false,
    "zmax": 1.5814055639552294,
    "fig8_phase": 1.4171192591597,
    "theta_activity": 0.00015955237916359807
  },
  "provenance": {
    "python": "3.9.12 (main, Apr  5 2022, 01:52:34) \n[Clang 12.0.0 ]",
    "platform": "macOS-15.6.1-arm64-arm-64bit",
    "numpy": "1.23.3",
    "pandas": "1.4.4",
    "cmd": "three_body_3d_ns_dtg_v3_3_stable.py --ic exp2 --alpha 1.0 --tmax 30.0 --dt 0.002 --dtg 1 --alpha_dtg 0.6 --beta_dtg 0.4655059756917646 --tau_theta 1.0266016061468028 --dtheta_max 0.1230483198220288 --theta_min 0.9547495710414439 --theta_max 2.0 --k_ctrl 0.20470391586492337 --k_ctrl_e 0.5653269494596834 --k_nu 0.0 --k_nu_ed 0.25613607447877945 --nu0 0.002 --nu_max 0.2 --out runs/auto/auto_beta0.466_tau1.027_d0.123_thmin0.955_kc0.205_ke0.565_knued0.256_20250906-080552_28635_6655 --no_plots",
    "scipy": "1.12.0"
  }
}