{
  "timestamp": "2025-09-06 15:12:41",
  "args": {
    "ic": "exp2",
    "alpha": 1.0,
    "tmax": 30.0,
    "dt": 0.002,
    "out": "runs/auto_1510/auto_beta0.616_tau0.783_d0.152_thmin0.969_kc0.161_ke0.395_knued0.250_20250906-151222_55741_3795",
    "elev": 20.0,
    "azim": -60.0,
    "eps": 1e-08,
    "G": 1.0,
    "seed": 0,
    "zero_init": false,
    "no_plots": true,
    "nu0": 0.002,
    "nu_max": 0.2,
    "turb": 0.0,
    "dtg": 1,
    "theta0": 1.0,
    "alpha_dtg": 0.6,
    "beta_dtg": 0.6155514786350494,
    "b_dtg": 0.0,
    "tau_theta": 0.7831534270489234,
    "theta_min": 0.9687708320202997,
    "theta_max": 2.0,
    "dtheta_max": 0.15243360104049025,
    "k_nu": 0.0,
    "k_nu_ed": 0.25034666674444206,
    "k_ctrl": 0.16062860248329802,
    "k_ctrl_e": 0.3952018537475981,
    "lyap_const": 0.0,
    "no_soften_when_clamped": false,
    "R_esc": 10.0,
    "r_collide": 0.001,
    "r_bin": 0.5,
    "bin_hold": 1.0,
    "adaptive_step": true,
    "adapt_r_trigger": 0.02,
    "adapt_factor": 0.3,
    "min_max_step": 0.0002,
    "chunk": 0.5,
    "lyap_light": true,
    "lyap_light_dt": 0.01,
    "lyap_light_renorm": 50,
    "lyap_spectrum": false,
    "lyap_k": 3,
    "compare": false,
    "nu_scan": [],
    "drift_threshold": 0.05
  },
  "E0": -2.03375,
  "lyap_top": 0.7505171770988928,
  "lyap_spectrum": null,
  "lyap_score": 0.7505171770988928,
  "outputs": {
    "csv": "runs/auto_1510/auto_beta0.616_tau0.783_d0.152_thmin0.969_kc0.161_ke0.395_knued0.250_20250906-151222_55741_3795/data/threebody3d_exp2_a1.0_dtg1.csv",
    "csv_diagnostics": "runs/auto_1510/auto_beta0.616_tau0.783_d0.152_thmin0.969_kc0.161_ke0.395_knued0.250_20250906-151222_55741_3795/data/diagnostics_exp2_a1.0_dtg1.csv",
    "fig3d": null,
    "fig_xy": null,
    "drift": null,
    "theta": null,
    "distances": null
  },
  "events": {
    "escaped": false,
    "t_escape": null,
    "collided": false,
    "t_collision": null
  },
  "binary": {
    "flag": false,
    "r_bin": 0.5,
    "hold": 1.0
  },
  "end_state": {
    "rmin": 0.6325411888963306,
    "drift": -0.007992314975796406,
    "theta": 0.5332227090768641,
    "planar": false,
    "zmax": 1.6166759263942303,
    "fig8_phase": 1.38887079741652,
    "theta_activity": 0.015559243030771198
  },
  "provenance": {
    "python": "3.9.12 (main, Apr  5 2022, 01:52:34) \n[Clang 12.0.0 ]",
    "platform": "macOS-15.6.1-arm64-arm-64bit",
    "numpy": "1.23.3",
    "pandas": "1.4.4",
    "cmd": "three_body_3d_ns_dtg_v3_3_stable.py --ic exp2 --alpha 1.0 --tmax 30.0 --dt 0.002 --dtg 1 --alpha_dtg 0.6 --beta_dtg 0.6155514786350494 --tau_theta 0.7831534270489234 --dtheta_max 0.15243360104049025 --theta_min 0.9687708320202997 --theta_max 2.0 --k_ctrl 0.16062860248329802 --k_ctrl_e 0.3952018537475981 --k_nu 0.0 --k_nu_ed 0.25034666674444206 --nu0 0.002 --nu_max 0.2 --out runs/auto_1510/auto_beta0.616_tau0.783_d0.152_thmin0.969_kc0.161_ke0.395_knued0.250_20250906-151222_55741_3795 --no_plots --lyap_light --adaptive_step --adapt_r_trigger 0.02 --adapt_factor 0.3 --min_max_step 0.0002",
    "scipy": "1.12.0"
  }
}