{
  "timestamp": "2025-09-06 15:24:09",
  "args": {
    "ic": "exp2",
    "alpha": 1.0,
    "tmax": 120.0,
    "dt": 0.002,
    "out": "runs/auto_1510/auto_beta0.662_tau0.945_d0.146_thmin0.953_kc0.238_ke0.479_knued0.282_20250906-152326_58749_2939",
    "elev": 20.0,
    "azim": -60.0,
    "eps": 1e-08,
    "G": 1.0,
    "seed": 0,
    "zero_init": false,
    "no_plots": false,
    "nu0": 0.002,
    "nu_max": 0.2,
    "turb": 0.0,
    "dtg": 1,
    "theta0": 1.0,
    "alpha_dtg": 0.6,
    "beta_dtg": 0.6623912454643684,
    "b_dtg": 0.0,
    "tau_theta": 0.9448432225699359,
    "theta_min": 0.9527271124285234,
    "theta_max": 2.0,
    "dtheta_max": 0.14581992439098107,
    "k_nu": 0.0,
    "k_nu_ed": 0.281872694904113,
    "k_ctrl": 0.23802764811769614,
    "k_ctrl_e": 0.47874351881933175,
    "lyap_const": 0.0,
    "no_soften_when_clamped": false,
    "R_esc": 10.0,
    "r_collide": 0.001,
    "r_bin": 0.5,
    "bin_hold": 1.0,
    "adaptive_step": true,
    "adapt_r_trigger": 0.02,
    "adapt_factor": 0.3,
    "min_max_step": 0.0002,
    "chunk": 0.5,
    "lyap_light": true,
    "lyap_light_dt": 0.01,
    "lyap_light_renorm": 50,
    "lyap_spectrum": false,
    "lyap_k": 3,
    "compare": false,
    "nu_scan": [],
    "drift_threshold": 0.05
  },
  "E0": -2.03375,
  "lyap_top": 0.519677854684271,
  "lyap_spectrum": null,
  "lyap_score": 0.519677854684271,
  "outputs": {
    "csv": "runs/auto_1510/auto_beta0.662_tau0.945_d0.146_thmin0.953_kc0.238_ke0.479_knued0.282_20250906-152326_58749_2939/data/threebody3d_exp2_a1.0_dtg1.csv",
    "csv_diagnostics": "runs/auto_1510/auto_beta0.662_tau0.945_d0.146_thmin0.953_kc0.238_ke0.479_knued0.282_20250906-152326_58749_2939/data/diagnostics_exp2_a1.0_dtg1.csv",
    "fig3d": "runs/auto_1510/auto_beta0.662_tau0.945_d0.146_thmin0.953_kc0.238_ke0.479_knued0.282_20250906-152326_58749_2939/figures/threebody3d_exp2_a1.0_dtg1.png",
    "fig_xy": "runs/auto_1510/auto_beta0.662_tau0.945_d0.146_thmin0.953_kc0.238_ke0.479_knued0.282_20250906-152326_58749_2939/figures/xy_exp2_a1.0_dtg1.png",
    "drift": "runs/auto_1510/auto_beta0.662_tau0.945_d0.146_thmin0.953_kc0.238_ke0.479_knued0.282_20250906-152326_58749_2939/figures/energy_drift_exp2_a1.0_dtg1.png",
    "theta": "runs/auto_1510/auto_beta0.662_tau0.945_d0.146_thmin0.953_kc0.238_ke0.479_knued0.282_20250906-152326_58749_2939/figures/theta_exp2_a1.0_dtg1.png",
    "distances": "runs/auto_1510/auto_beta0.662_tau0.945_d0.146_thmin0.953_kc0.238_ke0.479_knued0.282_20250906-152326_58749_2939/figures/distances_exp2_a1.0_dtg1.png"
  },
  "events": {
    "escaped": true,
    "t_escape": 65.29881330100248,
    "collided": false,
    "t_collision": null
  },
  "binary": {
    "flag": true,
    "r_bin": 0.5,
    "hold": 1.0
  },
  "end_state": {
    "rmin": 0.49657503818285453,
    "drift": -0.007116167587569788,
    "theta": 0.6515004999451041,
    "planar": false,
    "zmax": 3.771839494284447,
    "fig8_phase": 1.6818082693347982,
    "theta_activity": 0.0029041625004605893
  },
  "provenance": {
    "python": "3.9.12 (main, Apr  5 2022, 01:52:34) \n[Clang 12.0.0 ]",
    "platform": "macOS-15.6.1-arm64-arm-64bit",
    "numpy": "1.23.3",
    "pandas": "1.4.4",
    "cmd": "three_body_3d_ns_dtg_v3_3_stable.py --ic exp2 --alpha 1.0 --tmax 120.0 --dt 0.002 --dtg 1 --alpha_dtg 0.6 --beta_dtg 0.6623912454643684 --tau_theta 0.9448432225699359 --dtheta_max 0.14581992439098107 --theta_min 0.9527271124285234 --theta_max 2.0 --k_ctrl 0.23802764811769614 --k_ctrl_e 0.47874351881933175 --k_nu 0.0 --k_nu_ed 0.281872694904113 --nu0 0.002 --nu_max 0.2 --out runs/auto_1510/auto_beta0.662_tau0.945_d0.146_thmin0.953_kc0.238_ke0.479_knued0.282_20250906-152326_58749_2939 --lyap_light --adaptive_step --adapt_r_trigger 0.02 --adapt_factor 0.3 --min_max_step 0.0002",
    "scipy": "1.12.0"
  }
}