{
  "timestamp": "2025-09-06 08:03:17",
  "args": {
    "ic": "exp2",
    "alpha": 1.0,
    "tmax": 30.0,
    "dt": 0.002,
    "out": "runs/auto/auto_beta0.665_tau0.761_d0.105_thmin0.980_kc0.247_ke0.475_knued0.228_20250906-080256_28270_9816",
    "elev": 20.0,
    "azim": -60.0,
    "eps": 1e-08,
    "G": 1.0,
    "seed": 0,
    "zero_init": false,
    "no_plots": true,
    "nu0": 0.002,
    "nu_max": 0.2,
    "turb": 0.0,
    "dtg": 1,
    "theta0": 1.0,
    "alpha_dtg": 0.6,
    "beta_dtg": 0.6649655345449881,
    "b_dtg": 0.0,
    "tau_theta": 0.7609208507117566,
    "theta_min": 0.9796119485328716,
    "theta_max": 2.0,
    "dtheta_max": 0.1049373033040716,
    "k_nu": 0.0,
    "k_nu_ed": 0.2276363761553386,
    "k_ctrl": 0.247481708645918,
    "k_ctrl_e": 0.4752400335658016,
    "lyap_const": 0.0,
    "no_soften_when_clamped": false,
    "R_esc": 10.0,
    "r_collide": 0.001,
    "r_bin": 0.5,
    "bin_hold": 1.0,
    "adaptive_step": false,
    "adapt_r_trigger": 0.02,
    "adapt_factor": 0.3,
    "min_max_step": 0.0002,
    "chunk": 0.5,
    "lyap_light": false,
    "lyap_light_dt": 0.01,
    "lyap_light_renorm": 50,
    "lyap_spectrum": false,
    "lyap_k": 3,
    "compare": false,
    "nu_scan": [],
    "drift_threshold": 0.05
  },
  "E0": -2.03375,
  "lyap_top": null,
  "lyap_spectrum": null,
  "lyap_score": 0.0,
  "outputs": {
    "csv": "runs/auto/auto_beta0.665_tau0.761_d0.105_thmin0.980_kc0.247_ke0.475_knued0.228_20250906-080256_28270_9816/data/threebody3d_exp2_a1.0_dtg1.csv",
    "csv_diagnostics": "runs/auto/auto_beta0.665_tau0.761_d0.105_thmin0.980_kc0.247_ke0.475_knued0.228_20250906-080256_28270_9816/data/diagnostics_exp2_a1.0_dtg1.csv",
    "fig3d": null,
    "fig_xy": null,
    "drift": null,
    "theta": null,
    "distances": null
  },
  "events": {
    "escaped": false,
    "t_escape": null,
    "collided": false,
    "t_collision": null
  },
  "binary": {
    "flag": false,
    "r_bin": 0.5,
    "hold": 1.0
  },
  "end_state": {
    "rmin": 0.34802704287165587,
    "drift": -0.008788858287214672,
    "theta": 0.9947267876322098,
    "planar": false,
    "zmax": 1.6266467230474482,
    "fig8_phase": 1.4254487957411683,
    "theta_activity": 0.00017577374559300715
  },
  "provenance": {
    "python": "3.9.12 (main, Apr  5 2022, 01:52:34) \n[Clang 12.0.0 ]",
    "platform": "macOS-15.6.1-arm64-arm-64bit",
    "numpy": "1.23.3",
    "pandas": "1.4.4",
    "cmd": "three_body_3d_ns_dtg_v3_3_stable.py --ic exp2 --alpha 1.0 --tmax 30.0 --dt 0.002 --dtg 1 --alpha_dtg 0.6 --beta_dtg 0.6649655345449881 --tau_theta 0.7609208507117566 --dtheta_max 0.1049373033040716 --theta_min 0.9796119485328716 --theta_max 2.0 --k_ctrl 0.247481708645918 --k_ctrl_e 0.4752400335658016 --k_nu 0.0 --k_nu_ed 0.2276363761553386 --nu0 0.002 --nu_max 0.2 --out runs/auto/auto_beta0.665_tau0.761_d0.105_thmin0.980_kc0.247_ke0.475_knued0.228_20250906-080256_28270_9816 --no_plots",
    "scipy": "1.12.0"
  }
}