{
  "timestamp": "2025-09-06 15:28:50",
  "args": {
    "ic": "exp2",
    "alpha": 1.0,
    "tmax": 30.0,
    "dt": 0.002,
    "out": "runs/auto_1510/auto_beta0.509_tau0.800_d0.160_thmin0.980_kc0.189_ke0.459_knued0.232_20250906-152831_59547_1312",
    "elev": 20.0,
    "azim": -60.0,
    "eps": 1e-08,
    "G": 1.0,
    "seed": 0,
    "zero_init": false,
    "no_plots": true,
    "nu0": 0.002,
    "nu_max": 0.2,
    "turb": 0.0,
    "dtg": 1,
    "theta0": 1.0,
    "alpha_dtg": 0.6,
    "beta_dtg": 0.5093048413749011,
    "b_dtg": 0.0,
    "tau_theta": 0.7996201157028178,
    "theta_min": 0.98,
    "theta_max": 2.0,
    "dtheta_max": 0.16,
    "k_nu": 0.0,
    "k_nu_ed": 0.23155736111503641,
    "k_ctrl": 0.18898393975344532,
    "k_ctrl_e": 0.459444752376384,
    "lyap_const": 0.0,
    "no_soften_when_clamped": false,
    "R_esc": 10.0,
    "r_collide": 0.001,
    "r_bin": 0.5,
    "bin_hold": 1.0,
    "adaptive_step": true,
    "adapt_r_trigger": 0.02,
    "adapt_factor": 0.3,
    "min_max_step": 0.0002,
    "chunk": 0.5,
    "lyap_light": true,
    "lyap_light_dt": 0.01,
    "lyap_light_renorm": 50,
    "lyap_spectrum": false,
    "lyap_k": 3,
    "compare": false,
    "nu_scan": [],
    "drift_threshold": 0.05
  },
  "E0": -2.03375,
  "lyap_top": 0.7505171770988928,
  "lyap_spectrum": null,
  "lyap_score": 0.7505171770988928,
  "outputs": {
    "csv": "runs/auto_1510/auto_beta0.509_tau0.800_d0.160_thmin0.980_kc0.189_ke0.459_knued0.232_20250906-152831_59547_1312/data/threebody3d_exp2_a1.0_dtg1.csv",
    "csv_diagnostics": "runs/auto_1510/auto_beta0.509_tau0.800_d0.160_thmin0.980_kc0.189_ke0.459_knued0.232_20250906-152831_59547_1312/data/diagnostics_exp2_a1.0_dtg1.csv",
    "fig3d": null,
    "fig_xy": null,
    "drift": null,
    "theta": null,
    "distances": null
  },
  "events": {
    "escaped": false,
    "t_escape": null,
    "collided": false,
    "t_collision": null
  },
  "binary": {
    "flag": false,
    "r_bin": 0.5,
    "hold": 1.0
  },
  "end_state": {
    "rmin": 0.33511516963518895,
    "drift": -0.008640165930037674,
    "theta": 0.6125739827930279,
    "planar": false,
    "zmax": 1.6206805034714868,
    "fig8_phase": 1.420903023656538,
    "theta_activity": 0.012914200573565737
  },
  "provenance": {
    "python": "3.9.12 (main, Apr  5 2022, 01:52:34) \n[Clang 12.0.0 ]",
    "platform": "macOS-15.6.1-arm64-arm-64bit",
    "numpy": "1.23.3",
    "pandas": "1.4.4",
    "cmd": "three_body_3d_ns_dtg_v3_3_stable.py --ic exp2 --alpha 1.0 --tmax 30.0 --dt 0.002 --dtg 1 --alpha_dtg 0.6 --beta_dtg 0.5093048413749011 --tau_theta 0.7996201157028178 --dtheta_max 0.16 --theta_min 0.98 --theta_max 2.0 --k_ctrl 0.18898393975344532 --k_ctrl_e 0.459444752376384 --k_nu 0.0 --k_nu_ed 0.23155736111503641 --nu0 0.002 --nu_max 0.2 --out runs/auto_1510/auto_beta0.509_tau0.800_d0.160_thmin0.980_kc0.189_ke0.459_knued0.232_20250906-152831_59547_1312 --no_plots --lyap_light --adaptive_step --adapt_r_trigger 0.02 --adapt_factor 0.3 --min_max_step 0.0002",
    "scipy": "1.12.0"
  }
}