{
  "timestamp": "2025-09-06 15:45:09",
  "args": {
    "ic": "exp2",
    "alpha": 1.0,
    "tmax": 30.0,
    "dt": 0.002,
    "out": "runs/auto_1539/auto_beta0.791_tau0.636_d0.095_thmin0.923_kc0.252_ke0.594_knued0.300_20250906-154449_62014_4095",
    "elev": 20.0,
    "azim": -60.0,
    "eps": 1e-08,
    "G": 1.0,
    "seed": 0,
    "zero_init": false,
    "no_plots": true,
    "nu0": 0.002,
    "nu_max": 0.2,
    "turb": 0.0,
    "dtg": 1,
    "theta0": 1.0,
    "alpha_dtg": 0.6,
    "beta_dtg": 0.7912389140750434,
    "b_dtg": 0.0,
    "tau_theta": 0.6359309730006661,
    "theta_min": 0.9230765461606945,
    "theta_max": 2.0,
    "dtheta_max": 0.09459539241530833,
    "k_nu": 0.0,
    "k_nu_ed": 0.3,
    "k_ctrl": 0.25215170876960746,
    "k_ctrl_e": 0.593678363194123,
    "lyap_const": 0.0,
    "no_soften_when_clamped": false,
    "R_esc": 10.0,
    "r_collide": 0.001,
    "r_bin": 0.5,
    "bin_hold": 1.0,
    "adaptive_step": true,
    "adapt_r_trigger": 0.02,
    "adapt_factor": 0.3,
    "min_max_step": 0.0002,
    "chunk": 0.5,
    "lyap_light": true,
    "lyap_light_dt": 0.01,
    "lyap_light_renorm": 50,
    "lyap_spectrum": false,
    "lyap_k": 3,
    "compare": false,
    "nu_scan": [],
    "drift_threshold": 0.05
  },
  "E0": -2.03375,
  "lyap_top": 0.7505171770988928,
  "lyap_spectrum": null,
  "lyap_score": 0.7505171770988928,
  "outputs": {
    "csv": "runs/auto_1539/auto_beta0.791_tau0.636_d0.095_thmin0.923_kc0.252_ke0.594_knued0.300_20250906-154449_62014_4095/data/threebody3d_exp2_a1.0_dtg1.csv",
    "csv_diagnostics": "runs/auto_1539/auto_beta0.791_tau0.636_d0.095_thmin0.923_kc0.252_ke0.594_knued0.300_20250906-154449_62014_4095/data/diagnostics_exp2_a1.0_dtg1.csv",
    "fig3d": null,
    "fig_xy": null,
    "drift": null,
    "theta": null,
    "distances": null
  },
  "events": {
    "escaped": false,
    "t_escape": null,
    "collided": false,
    "t_collision": null
  },
  "binary": {
    "flag": false,
    "r_bin": 0.5,
    "hold": 1.0
  },
  "end_state": {
    "rmin": 0.8348213377134379,
    "drift": -0.00667103954347381,
    "theta": 0.40215898453402893,
    "planar": false,
    "zmax": 1.5558341573555186,
    "fig8_phase": 1.2496517663998983,
    "theta_activity": 0.019928033848865698
  },
  "provenance": {
    "python": "3.9.12 (main, Apr  5 2022, 01:52:34) \n[Clang 12.0.0 ]",
    "platform": "macOS-15.6.1-arm64-arm-64bit",
    "numpy": "1.23.3",
    "pandas": "1.4.4",
    "cmd": "three_body_3d_ns_dtg_v3_3_stable.py --ic exp2 --alpha 1.0 --tmax 30.0 --dt 0.002 --dtg 1 --alpha_dtg 0.6 --beta_dtg 0.7912389140750434 --tau_theta 0.6359309730006661 --dtheta_max 0.09459539241530833 --theta_min 0.9230765461606945 --theta_max 2.0 --k_ctrl 0.25215170876960746 --k_ctrl_e 0.593678363194123 --k_nu 0.0 --k_nu_ed 0.3 --nu0 0.002 --nu_max 0.2 --out runs/auto_1539/auto_beta0.791_tau0.636_d0.095_thmin0.923_kc0.252_ke0.594_knued0.300_20250906-154449_62014_4095 --no_plots --lyap_light --adaptive_step --adapt_r_trigger 0.02 --adapt_factor 0.3 --min_max_step 0.0002",
    "scipy": "1.12.0"
  }
}