{
  "timestamp": "2025-09-06 15:04:42",
  "args": {
    "ic": "exp2",
    "alpha": 1.0,
    "tmax": 30.0,
    "dt": 0.002,
    "out": "runs/auto/auto_beta0.616_tau0.840_d0.085_thmin0.918_kc0.270_ke0.574_knued0.282_20250906-150422_52670_3543",
    "elev": 20.0,
    "azim": -60.0,
    "eps": 1e-08,
    "G": 1.0,
    "seed": 0,
    "zero_init": false,
    "no_plots": true,
    "nu0": 0.002,
    "nu_max": 0.2,
    "turb": 0.0,
    "dtg": 1,
    "theta0": 1.0,
    "alpha_dtg": 0.6,
    "beta_dtg": 0.6156316375971632,
    "b_dtg": 0.0,
    "tau_theta": 0.8396611963282602,
    "theta_min": 0.9176926653218912,
    "theta_max": 2.0,
    "dtheta_max": 0.08505321765792176,
    "k_nu": 0.0,
    "k_nu_ed": 0.2824076292437558,
    "k_ctrl": 0.26982461845513306,
    "k_ctrl_e": 0.5740040738896384,
    "lyap_const": 0.0,
    "no_soften_when_clamped": false,
    "R_esc": 10.0,
    "r_collide": 0.001,
    "r_bin": 0.5,
    "bin_hold": 1.0,
    "adaptive_step": true,
    "adapt_r_trigger": 0.02,
    "adapt_factor": 0.3,
    "min_max_step": 0.0002,
    "chunk": 0.5,
    "lyap_light": true,
    "lyap_light_dt": 0.01,
    "lyap_light_renorm": 50,
    "lyap_spectrum": false,
    "lyap_k": 3,
    "compare": false,
    "nu_scan": [],
    "drift_threshold": 0.05
  },
  "E0": -2.03375,
  "lyap_top": 0.7505171770988928,
  "lyap_spectrum": null,
  "lyap_score": 0.7505171770988928,
  "outputs": {
    "csv": "runs/auto/auto_beta0.616_tau0.840_d0.085_thmin0.918_kc0.270_ke0.574_knued0.282_20250906-150422_52670_3543/data/threebody3d_exp2_a1.0_dtg1.csv",
    "csv_diagnostics": "runs/auto/auto_beta0.616_tau0.840_d0.085_thmin0.918_kc0.270_ke0.574_knued0.282_20250906-150422_52670_3543/data/diagnostics_exp2_a1.0_dtg1.csv",
    "fig3d": null,
    "fig_xy": null,
    "drift": null,
    "theta": null,
    "distances": null
  },
  "events": {
    "escaped": false,
    "t_escape": null,
    "collided": false,
    "t_collision": null
  },
  "binary": {
    "flag": false,
    "r_bin": 0.5,
    "hold": 1.0
  },
  "end_state": {
    "rmin": 0.7040997423375064,
    "drift": -0.007085964198133695,
    "theta": 0.5337063205542094,
    "planar": false,
    "zmax": 1.5845949793283582,
    "fig8_phase": 1.3133351950875598,
    "theta_activity": 0.01554312264819302
  },
  "provenance": {
    "python": "3.9.12 (main, Apr  5 2022, 01:52:34) \n[Clang 12.0.0 ]",
    "platform": "macOS-15.6.1-arm64-arm-64bit",
    "numpy": "1.23.3",
    "pandas": "1.4.4",
    "cmd": "three_body_3d_ns_dtg_v3_3_stable.py --ic exp2 --alpha 1.0 --tmax 30.0 --dt 0.002 --dtg 1 --alpha_dtg 0.6 --beta_dtg 0.6156316375971632 --tau_theta 0.8396611963282602 --dtheta_max 0.08505321765792176 --theta_min 0.9176926653218912 --theta_max 2.0 --k_ctrl 0.26982461845513306 --k_ctrl_e 0.5740040738896384 --k_nu 0.0 --k_nu_ed 0.2824076292437558 --nu0 0.002 --nu_max 0.2 --out runs/auto/auto_beta0.616_tau0.840_d0.085_thmin0.918_kc0.270_ke0.574_knued0.282_20250906-150422_52670_3543 --no_plots --lyap_light --adaptive_step --adapt_r_trigger 0.02 --adapt_factor 0.3 --min_max_step 0.0002",
    "scipy": "1.12.0"
  }
}