{
  "timestamp": "2025-09-06 08:38:40",
  "args": {
    "ic": "exp2",
    "alpha": 1.0,
    "tmax": 45.0,
    "dt": 0.002,
    "out": "runs/auto/auto_beta0.629_tau0.600_d0.096_thmin0.918_kc0.177_ke0.573_knued0.186_20250906-083819_38969_8599",
    "elev": 20.0,
    "azim": -60.0,
    "eps": 1e-08,
    "G": 1.0,
    "seed": 0,
    "zero_init": false,
    "no_plots": true,
    "nu0": 0.002,
    "nu_max": 0.2,
    "turb": 0.0,
    "dtg": 1,
    "theta0": 1.0,
    "alpha_dtg": 0.6,
    "beta_dtg": 0.6294819440960576,
    "b_dtg": 0.0,
    "tau_theta": 0.6,
    "theta_min": 0.9184051851327506,
    "theta_max": 2.0,
    "dtheta_max": 0.09573974918013388,
    "k_nu": 0.0,
    "k_nu_ed": 0.18612915712875983,
    "k_ctrl": 0.17737978331187249,
    "k_ctrl_e": 0.5730059691618457,
    "lyap_const": 0.0,
    "no_soften_when_clamped": false,
    "R_esc": 10.0,
    "r_collide": 0.001,
    "r_bin": 0.5,
    "bin_hold": 1.0,
    "adaptive_step": true,
    "adapt_r_trigger": 0.02,
    "adapt_factor": 0.3,
    "min_max_step": 0.0002,
    "chunk": 0.5,
    "lyap_light": true,
    "lyap_light_dt": 0.01,
    "lyap_light_renorm": 50,
    "lyap_spectrum": false,
    "lyap_k": 3,
    "compare": false,
    "nu_scan": [],
    "drift_threshold": 0.05
  },
  "E0": -2.03375,
  "lyap_top": 0.7004919281109796,
  "lyap_spectrum": null,
  "lyap_score": 0.7004919281109796,
  "outputs": {
    "csv": "runs/auto/auto_beta0.629_tau0.600_d0.096_thmin0.918_kc0.177_ke0.573_knued0.186_20250906-083819_38969_8599/data/threebody3d_exp2_a1.0_dtg1.csv",
    "csv_diagnostics": "runs/auto/auto_beta0.629_tau0.600_d0.096_thmin0.918_kc0.177_ke0.573_knued0.186_20250906-083819_38969_8599/data/diagnostics_exp2_a1.0_dtg1.csv",
    "fig3d": null,
    "fig_xy": null,
    "drift": null,
    "theta": null,
    "distances": null
  },
  "events": {
    "escaped": false,
    "t_escape": null,
    "collided": true,
    "t_collision": 31.610361132900486
  },
  "binary": {
    "flag": true,
    "r_bin": 0.5,
    "hold": 1.0
  },
  "end_state": {
    "rmin": 0.001000000000040803,
    "drift": -0.010746498766118794,
    "theta": 0.5526050152035238,
    "planar": false,
    "zmax": 1.6859506077754396,
    "fig8_phase": 0.9910259471294314,
    "theta_activity": 0.009942110773255027
  },
  "provenance": {
    "python": "3.9.12 (main, Apr  5 2022, 01:52:34) \n[Clang 12.0.0 ]",
    "platform": "macOS-15.6.1-arm64-arm-64bit",
    "numpy": "1.23.3",
    "pandas": "1.4.4",
    "cmd": "three_body_3d_ns_dtg_v3_3_stable.py --ic exp2 --alpha 1.0 --tmax 45.0 --dt 0.002 --dtg 1 --alpha_dtg 0.6 --beta_dtg 0.6294819440960576 --tau_theta 0.6 --dtheta_max 0.09573974918013388 --theta_min 0.9184051851327506 --theta_max 2.0 --k_ctrl 0.17737978331187249 --k_ctrl_e 0.5730059691618457 --k_nu 0.0 --k_nu_ed 0.18612915712875983 --nu0 0.002 --nu_max 0.2 --out runs/auto/auto_beta0.629_tau0.600_d0.096_thmin0.918_kc0.177_ke0.573_knued0.186_20250906-083819_38969_8599 --no_plots --lyap_light --adaptive_step --adapt_r_trigger 0.02 --adapt_factor 0.3 --min_max_step 0.0002",
    "scipy": "1.12.0"
  }
}