{
  "timestamp": "2025-09-05 17:56:25",
  "args": {
    "ic": "exp2",
    "alpha": 1.0,
    "tmax": 20.0,
    "dt": 0.002,
    "out": "runs/auto/auto_beta0.341_tau1.400_d0.160_thmin0.916_kc0.226_ke0.511_knued0.284_20250905-175614",
    "elev": 20.0,
    "azim": -60.0,
    "eps": 1e-08,
    "G": 1.0,
    "seed": 0,
    "zero_init": false,
    "no_plots": true,
    "nu0": 0.002,
    "nu_max": 0.2,
    "turb": 0.0,
    "dtg": 1,
    "theta0": 1.0,
    "alpha_dtg": 0.6,
    "beta_dtg": 0.3414496667196788,
    "b_dtg": 0.0,
    "tau_theta": 1.4,
    "theta_min": 0.9156528165586273,
    "theta_max": 2.0,
    "dtheta_max": 0.16,
    "k_nu": 0.0,
    "k_nu_ed": 0.2839849838350847,
    "k_ctrl": 0.22612623630544837,
    "k_ctrl_e": 0.5110013791091105,
    "lyap_const": 0.0,
    "no_soften_when_clamped": false,
    "R_esc": 10.0,
    "r_collide": 0.001,
    "r_bin": 0.5,
    "bin_hold": 1.0,
    "adaptive_step": false,
    "adapt_r_trigger": 0.02,
    "adapt_factor": 0.3,
    "min_max_step": 0.0002,
    "chunk": 0.5,
    "lyap_light": false,
    "lyap_light_dt": 0.01,
    "lyap_light_renorm": 50,
    "lyap_spectrum": false,
    "lyap_k": 3,
    "compare": false,
    "nu_scan": [],
    "drift_threshold": 0.05
  },
  "E0": -2.03375,
  "lyap_top": null,
  "lyap_spectrum": null,
  "lyap_score": 0.0,
  "outputs": {
    "csv": "runs/auto/auto_beta0.341_tau1.400_d0.160_thmin0.916_kc0.226_ke0.511_knued0.284_20250905-175614/data/threebody3d_exp2_a1.0_dtg1.csv",
    "csv_diagnostics": "runs/auto/auto_beta0.341_tau1.400_d0.160_thmin0.916_kc0.226_ke0.511_knued0.284_20250905-175614/data/diagnostics_exp2_a1.0_dtg1.csv",
    "fig3d": null,
    "fig_xy": null,
    "drift": null,
    "theta": null,
    "distances": null
  },
  "events": {
    "escaped": false,
    "t_escape": null,
    "collided": false,
    "t_collision": null
  },
  "binary": {
    "flag": false,
    "r_bin": 0.5,
    "hold": 1.0
  },
  "end_state": {
    "rmin": 0.5432481305258295,
    "drift": -0.0070442247129371876,
    "theta": 0.9957738171401813,
    "planar": false,
    "zmax": 1.437776576927823,
    "fig8_phase": 1.4988214003683802,
    "theta_activity": 0.00021130914299093416
  },
  "provenance": {
    "python": "3.9.12 (main, Apr  5 2022, 01:52:34) \n[Clang 12.0.0 ]",
    "platform": "macOS-15.6.1-arm64-arm-64bit",
    "numpy": "1.23.3",
    "pandas": "1.4.4",
    "cmd": "three_body_3d_ns_dtg_v3_3_stable.py --ic exp2 --alpha 1.0 --tmax 20.0 --dt 0.002 --dtg 1 --alpha_dtg 0.6 --beta_dtg 0.3414496667196788 --tau_theta 1.4 --dtheta_max 0.16 --theta_min 0.9156528165586273 --theta_max 2.0 --k_ctrl 0.22612623630544837 --k_ctrl_e 0.5110013791091105 --k_nu 0.0 --k_nu_ed 0.2839849838350847 --nu0 0.002 --nu_max 0.2 --out runs/auto/auto_beta0.341_tau1.400_d0.160_thmin0.916_kc0.226_ke0.511_knued0.284_20250905-175614 --no_plots",
    "scipy": "1.12.0"
  }
}