{
  "timestamp": "2025-09-06 15:43:48",
  "args": {
    "ic": "exp2",
    "alpha": 1.0,
    "tmax": 30.0,
    "dt": 0.002,
    "out": "runs/auto_1539/auto_beta0.300_tau1.047_d0.082_thmin0.934_kc0.150_ke0.589_knued0.244_20250906-154328_61879_9452",
    "elev": 20.0,
    "azim": -60.0,
    "eps": 1e-08,
    "G": 1.0,
    "seed": 0,
    "zero_init": false,
    "no_plots": true,
    "nu0": 0.002,
    "nu_max": 0.2,
    "turb": 0.0,
    "dtg": 1,
    "theta0": 1.0,
    "alpha_dtg": 0.6,
    "beta_dtg": 0.3,
    "b_dtg": 0.0,
    "tau_theta": 1.0472065238526989,
    "theta_min": 0.934309133003361,
    "theta_max": 2.0,
    "dtheta_max": 0.08247698578262692,
    "k_nu": 0.0,
    "k_nu_ed": 0.2444230870100748,
    "k_ctrl": 0.15,
    "k_ctrl_e": 0.5889386362176319,
    "lyap_const": 0.0,
    "no_soften_when_clamped": false,
    "R_esc": 10.0,
    "r_collide": 0.001,
    "r_bin": 0.5,
    "bin_hold": 1.0,
    "adaptive_step": true,
    "adapt_r_trigger": 0.02,
    "adapt_factor": 0.3,
    "min_max_step": 0.0002,
    "chunk": 0.5,
    "lyap_light": true,
    "lyap_light_dt": 0.01,
    "lyap_light_renorm": 50,
    "lyap_spectrum": false,
    "lyap_k": 3,
    "compare": false,
    "nu_scan": [],
    "drift_threshold": 0.05
  },
  "E0": -2.03375,
  "lyap_top": 0.7505171770988928,
  "lyap_spectrum": null,
  "lyap_score": 0.7505171770988928,
  "outputs": {
    "csv": "runs/auto_1539/auto_beta0.300_tau1.047_d0.082_thmin0.934_kc0.150_ke0.589_knued0.244_20250906-154328_61879_9452/data/threebody3d_exp2_a1.0_dtg1.csv",
    "csv_diagnostics": "runs/auto_1539/auto_beta0.300_tau1.047_d0.082_thmin0.934_kc0.150_ke0.589_knued0.244_20250906-154328_61879_9452/data/diagnostics_exp2_a1.0_dtg1.csv",
    "fig3d": null,
    "fig_xy": null,
    "drift": null,
    "theta": null,
    "distances": null
  },
  "events": {
    "escaped": false,
    "t_escape": null,
    "collided": false,
    "t_collision": null
  },
  "binary": {
    "flag": false,
    "r_bin": 0.5,
    "hold": 1.0
  },
  "end_state": {
    "rmin": 0.6588393000303023,
    "drift": -0.008185757194864128,
    "theta": 0.7699334791890053,
    "planar": false,
    "zmax": 1.6003516896989296,
    "fig8_phase": 1.4005446041475498,
    "theta_activity": 0.007668884027033154
  },
  "provenance": {
    "python": "3.9.12 (main, Apr  5 2022, 01:52:34) \n[Clang 12.0.0 ]",
    "platform": "macOS-15.6.1-arm64-arm-64bit",
    "numpy": "1.23.3",
    "pandas": "1.4.4",
    "cmd": "three_body_3d_ns_dtg_v3_3_stable.py --ic exp2 --alpha 1.0 --tmax 30.0 --dt 0.002 --dtg 1 --alpha_dtg 0.6 --beta_dtg 0.3 --tau_theta 1.0472065238526989 --dtheta_max 0.08247698578262692 --theta_min 0.934309133003361 --theta_max 2.0 --k_ctrl 0.15 --k_ctrl_e 0.5889386362176319 --k_nu 0.0 --k_nu_ed 0.2444230870100748 --nu0 0.002 --nu_max 0.2 --out runs/auto_1539/auto_beta0.300_tau1.047_d0.082_thmin0.934_kc0.150_ke0.589_knued0.244_20250906-154328_61879_9452 --no_plots --lyap_light --adaptive_step --adapt_r_trigger 0.02 --adapt_factor 0.3 --min_max_step 0.0002",
    "scipy": "1.12.0"
  }
}