{
  "timestamp": "2025-09-05 23:20:35",
  "args": {
    "ic": "exp2",
    "alpha": 1.0,
    "tmax": 30.0,
    "dt": 0.002,
    "out": "runs/auto/auto_beta0.353_tau0.773_d0.080_thmin0.962_kc0.259_ke0.540_knued0.242_20250905-232017",
    "elev": 20.0,
    "azim": -60.0,
    "eps": 1e-08,
    "G": 1.0,
    "seed": 0,
    "zero_init": false,
    "no_plots": true,
    "nu0": 0.002,
    "nu_max": 0.2,
    "turb": 0.0,
    "dtg": 1,
    "theta0": 1.0,
    "alpha_dtg": 0.6,
    "beta_dtg": 0.35265966526540116,
    "b_dtg": 0.0,
    "tau_theta": 0.7731592842508103,
    "theta_min": 0.9621270622586363,
    "theta_max": 2.0,
    "dtheta_max": 0.08,
    "k_nu": 0.0,
    "k_nu_ed": 0.24194935491212352,
    "k_ctrl": 0.2592350091868323,
    "k_ctrl_e": 0.5397742395154387,
    "lyap_const": 0.0,
    "no_soften_when_clamped": false,
    "R_esc": 10.0,
    "r_collide": 0.001,
    "r_bin": 0.5,
    "bin_hold": 1.0,
    "adaptive_step": false,
    "adapt_r_trigger": 0.02,
    "adapt_factor": 0.3,
    "min_max_step": 0.0002,
    "chunk": 0.5,
    "lyap_light": false,
    "lyap_light_dt": 0.01,
    "lyap_light_renorm": 50,
    "lyap_spectrum": false,
    "lyap_k": 3,
    "compare": false,
    "nu_scan": [],
    "drift_threshold": 0.05
  },
  "E0": -2.03375,
  "lyap_top": null,
  "lyap_spectrum": null,
  "lyap_score": 0.0,
  "outputs": {
    "csv": "runs/auto/auto_beta0.353_tau0.773_d0.080_thmin0.962_kc0.259_ke0.540_knued0.242_20250905-232017/data/threebody3d_exp2_a1.0_dtg1.csv",
    "csv_diagnostics": "runs/auto/auto_beta0.353_tau0.773_d0.080_thmin0.962_kc0.259_ke0.540_knued0.242_20250905-232017/data/diagnostics_exp2_a1.0_dtg1.csv",
    "fig3d": null,
    "fig_xy": null,
    "drift": null,
    "theta": null,
    "distances": null
  },
  "events": {
    "escaped": false,
    "t_escape": null,
    "collided": false,
    "t_collision": null
  },
  "binary": {
    "flag": false,
    "r_bin": 0.5,
    "hold": 1.0
  },
  "end_state": {
    "rmin": 0.26459447802585884,
    "drift": -0.00826943337541302,
    "theta": 0.995038399016759,
    "planar": false,
    "zmax": 1.6040799427877555,
    "fig8_phase": 1.4069709300684894,
    "theta_activity": 0.00016538669944136846
  },
  "provenance": {
    "python": "3.9.12 (main, Apr  5 2022, 01:52:34) \n[Clang 12.0.0 ]",
    "platform": "macOS-15.6.1-arm64-arm-64bit",
    "numpy": "1.23.3",
    "pandas": "1.4.4",
    "cmd": "three_body_3d_ns_dtg_v3_3_stable.py --ic exp2 --alpha 1.0 --tmax 30.0 --dt 0.002 --dtg 1 --alpha_dtg 0.6 --beta_dtg 0.35265966526540116 --tau_theta 0.7731592842508103 --dtheta_max 0.08 --theta_min 0.9621270622586363 --theta_max 2.0 --k_ctrl 0.2592350091868323 --k_ctrl_e 0.5397742395154387 --k_nu 0.0 --k_nu_ed 0.24194935491212352 --nu0 0.002 --nu_max 0.2 --out runs/auto/auto_beta0.353_tau0.773_d0.080_thmin0.962_kc0.259_ke0.540_knued0.242_20250905-232017 --no_plots",
    "scipy": "1.12.0"
  }
}