{
  "timestamp": "2025-09-06 00:14:05",
  "args": {
    "ic": "exp2",
    "alpha": 1.0,
    "tmax": 30.0,
    "dt": 0.002,
    "out": "runs/auto/auto_beta0.455_tau0.678_d0.144_thmin0.972_kc0.275_ke0.449_knued0.280_20250906-001342_14979_4343",
    "elev": 20.0,
    "azim": -60.0,
    "eps": 1e-08,
    "G": 1.0,
    "seed": 0,
    "zero_init": false,
    "no_plots": true,
    "nu0": 0.002,
    "nu_max": 0.2,
    "turb": 0.0,
    "dtg": 1,
    "theta0": 1.0,
    "alpha_dtg": 0.6,
    "beta_dtg": 0.4549187177328376,
    "b_dtg": 0.0,
    "tau_theta": 0.677649988218649,
    "theta_min": 0.9722079171085993,
    "theta_max": 2.0,
    "dtheta_max": 0.1437108413328685,
    "k_nu": 0.0,
    "k_nu_ed": 0.28007421801823773,
    "k_ctrl": 0.2745942847451735,
    "k_ctrl_e": 0.449008910971285,
    "lyap_const": 0.0,
    "no_soften_when_clamped": false,
    "R_esc": 10.0,
    "r_collide": 0.001,
    "r_bin": 0.5,
    "bin_hold": 1.0,
    "adaptive_step": false,
    "adapt_r_trigger": 0.02,
    "adapt_factor": 0.3,
    "min_max_step": 0.0002,
    "chunk": 0.5,
    "lyap_light": false,
    "lyap_light_dt": 0.01,
    "lyap_light_renorm": 50,
    "lyap_spectrum": false,
    "lyap_k": 3,
    "compare": false,
    "nu_scan": [],
    "drift_threshold": 0.05
  },
  "E0": -2.03375,
  "lyap_top": null,
  "lyap_spectrum": null,
  "lyap_score": 0.0,
  "outputs": {
    "csv": "runs/auto/auto_beta0.455_tau0.678_d0.144_thmin0.972_kc0.275_ke0.449_knued0.280_20250906-001342_14979_4343/data/threebody3d_exp2_a1.0_dtg1.csv",
    "csv_diagnostics": "runs/auto/auto_beta0.455_tau0.678_d0.144_thmin0.972_kc0.275_ke0.449_knued0.280_20250906-001342_14979_4343/data/diagnostics_exp2_a1.0_dtg1.csv",
    "fig3d": null,
    "fig_xy": null,
    "drift": null,
    "theta": null,
    "distances": null
  },
  "events": {
    "escaped": false,
    "t_escape": null,
    "collided": false,
    "t_collision": null
  },
  "binary": {
    "flag": false,
    "r_bin": 0.5,
    "hold": 1.0
  },
  "end_state": {
    "rmin": 0.4475485560655048,
    "drift": -0.007144994834892662,
    "theta": 0.9957130121273803,
    "planar": false,
    "zmax": 1.586435869072738,
    "fig8_phase": 1.3174111513993183,
    "theta_activity": 0.00014289959575399062
  },
  "provenance": {
    "python": "3.9.12 (main, Apr  5 2022, 01:52:34) \n[Clang 12.0.0 ]",
    "platform": "macOS-15.6.1-arm64-arm-64bit",
    "numpy": "1.23.3",
    "pandas": "1.4.4",
    "cmd": "three_body_3d_ns_dtg_v3_3_stable.py --ic exp2 --alpha 1.0 --tmax 30.0 --dt 0.002 --dtg 1 --alpha_dtg 0.6 --beta_dtg 0.4549187177328376 --tau_theta 0.677649988218649 --dtheta_max 0.1437108413328685 --theta_min 0.9722079171085993 --theta_max 2.0 --k_ctrl 0.2745942847451735 --k_ctrl_e 0.449008910971285 --k_nu 0.0 --k_nu_ed 0.28007421801823773 --nu0 0.002 --nu_max 0.2 --out runs/auto/auto_beta0.455_tau0.678_d0.144_thmin0.972_kc0.275_ke0.449_knued0.280_20250906-001342_14979_4343 --no_plots",
    "scipy": "1.12.0"
  }
}