{
  "timestamp": "2025-09-04 20:56:09",
  "args": {
    "ic": "exp2",
    "alpha": 1.0,
    "tmax": 60.0,
    "dt": 0.002,
    "out": "runs/auto/auto_beta0.529_tau0.812_d0.100_thmin0.945_kc0.189_ke0.534_knued0.285_20250904-205546",
    "elev": 20.0,
    "azim": -60.0,
    "eps": 1e-08,
    "G": 1.0,
    "seed": 0,
    "zero_init": false,
    "no_plots": false,
    "nu0": 0.002,
    "nu_max": 0.2,
    "turb": 0.0,
    "dtg": 1,
    "theta0": 1.0,
    "alpha_dtg": 0.6,
    "beta_dtg": 0.5294259262936993,
    "b_dtg": 0.0,
    "tau_theta": 0.8119041331984419,
    "theta_min": 0.9449094507330521,
    "theta_max": 2.0,
    "dtheta_max": 0.09973020061551868,
    "k_nu": 0.0,
    "k_nu_ed": 0.28467343254037153,
    "k_ctrl": 0.18941124127844028,
    "k_ctrl_e": 0.5338343960894162,
    "lyap_const": 0.0,
    "no_soften_when_clamped": false,
    "R_esc": 10.0,
    "r_collide": 0.001,
    "r_bin": 0.5,
    "bin_hold": 1.0,
    "adaptive_step": true,
    "adapt_r_trigger": 0.02,
    "adapt_factor": 0.3,
    "min_max_step": 0.0002,
    "chunk": 0.5,
    "lyap_light": true,
    "lyap_light_dt": 0.01,
    "lyap_light_renorm": 50,
    "lyap_spectrum": false,
    "lyap_k": 3,
    "compare": false,
    "nu_scan": [],
    "drift_threshold": 0.05
  },
  "E0": -2.03375,
  "lyap_top": 0.7951286391393368,
  "lyap_spectrum": null,
  "lyap_score": 0.7951286391393368,
  "outputs": {
    "csv": "runs/auto/auto_beta0.529_tau0.812_d0.100_thmin0.945_kc0.189_ke0.534_knued0.285_20250904-205546/data/threebody3d_exp2_a1.0_dtg1.csv",
    "csv_diagnostics": "runs/auto/auto_beta0.529_tau0.812_d0.100_thmin0.945_kc0.189_ke0.534_knued0.285_20250904-205546/data/diagnostics_exp2_a1.0_dtg1.csv",
    "fig3d": "runs/auto/auto_beta0.529_tau0.812_d0.100_thmin0.945_kc0.189_ke0.534_knued0.285_20250904-205546/figures/threebody3d_exp2_a1.0_dtg1.png",
    "fig_xy": "runs/auto/auto_beta0.529_tau0.812_d0.100_thmin0.945_kc0.189_ke0.534_knued0.285_20250904-205546/figures/xy_exp2_a1.0_dtg1.png",
    "drift": "runs/auto/auto_beta0.529_tau0.812_d0.100_thmin0.945_kc0.189_ke0.534_knued0.285_20250904-205546/figures/energy_drift_exp2_a1.0_dtg1.png",
    "theta": "runs/auto/auto_beta0.529_tau0.812_d0.100_thmin0.945_kc0.189_ke0.534_knued0.285_20250904-205546/figures/theta_exp2_a1.0_dtg1.png",
    "distances": "runs/auto/auto_beta0.529_tau0.812_d0.100_thmin0.945_kc0.189_ke0.534_knued0.285_20250904-205546/figures/distances_exp2_a1.0_dtg1.png"
  },
  "events": {
    "escaped": true,
    "t_escape": 44.92325424483905,
    "collided": false,
    "t_collision": null
  },
  "binary": {
    "flag": true,
    "r_bin": 0.5,
    "hold": 1.0
  },
  "end_state": {
    "rmin": 0.49399286005888654,
    "drift": -0.007038548947881673,
    "theta": 0.5748153771557173,
    "planar": false,
    "zmax": 3.1785690461181373,
    "fig8_phase": 0.9430447297019451,
    "theta_activity": 0.007086410380738045
  },
  "provenance": {
    "python": "3.9.12 (main, Apr  5 2022, 01:52:34) \n[Clang 12.0.0 ]",
    "platform": "macOS-15.6.1-arm64-arm-64bit",
    "numpy": "1.23.3",
    "pandas": "1.4.4",
    "cmd": "three_body_3d_ns_dtg_v3_3_stable.py --ic exp2 --alpha 1.0 --tmax 60.0 --dt 0.002 --dtg 1 --alpha_dtg 0.6 --beta_dtg 0.5294259262936993 --tau_theta 0.8119041331984419 --dtheta_max 0.09973020061551868 --theta_min 0.9449094507330521 --theta_max 2.0 --k_ctrl 0.18941124127844028 --k_ctrl_e 0.5338343960894162 --k_nu 0.0 --k_nu_ed 0.28467343254037153 --nu0 0.002 --nu_max 0.2 --out runs/auto/auto_beta0.529_tau0.812_d0.100_thmin0.945_kc0.189_ke0.534_knued0.285_20250904-205546 --lyap_light --adaptive_step --adapt_r_trigger 0.02 --adapt_factor 0.3 --min_max_step 0.0002",
    "scipy": "1.12.0"
  }
}