{
  "timestamp": "2025-09-06 14:43:34",
  "args": {
    "ic": "exp2",
    "alpha": 1.0,
    "tmax": 30.0,
    "dt": 0.002,
    "out": "runs/auto/auto_beta0.649_tau0.724_d0.159_thmin0.967_kc0.210_ke0.548_knued0.260_20250906-144315_48194_3636",
    "elev": 20.0,
    "azim": -60.0,
    "eps": 1e-08,
    "G": 1.0,
    "seed": 0,
    "zero_init": false,
    "no_plots": true,
    "nu0": 0.002,
    "nu_max": 0.2,
    "turb": 0.0,
    "dtg": 1,
    "theta0": 1.0,
    "alpha_dtg": 0.6,
    "beta_dtg": 0.6487683343299934,
    "b_dtg": 0.0,
    "tau_theta": 0.7241722904029149,
    "theta_min": 0.9672804398155117,
    "theta_max": 2.0,
    "dtheta_max": 0.15889103615705452,
    "k_nu": 0.0,
    "k_nu_ed": 0.25967802465517553,
    "k_ctrl": 0.20956054599291152,
    "k_ctrl_e": 0.5481571336183456,
    "lyap_const": 0.0,
    "no_soften_when_clamped": false,
    "R_esc": 10.0,
    "r_collide": 0.001,
    "r_bin": 0.5,
    "bin_hold": 1.0,
    "adaptive_step": true,
    "adapt_r_trigger": 0.02,
    "adapt_factor": 0.3,
    "min_max_step": 0.0002,
    "chunk": 0.5,
    "lyap_light": true,
    "lyap_light_dt": 0.01,
    "lyap_light_renorm": 50,
    "lyap_spectrum": false,
    "lyap_k": 3,
    "compare": false,
    "nu_scan": [],
    "drift_threshold": 0.05
  },
  "E0": -2.03375,
  "lyap_top": 0.7505171770988928,
  "lyap_spectrum": null,
  "lyap_score": 0.7505171770988928,
  "outputs": {
    "csv": "runs/auto/auto_beta0.649_tau0.724_d0.159_thmin0.967_kc0.210_ke0.548_knued0.260_20250906-144315_48194_3636/data/threebody3d_exp2_a1.0_dtg1.csv",
    "csv_diagnostics": "runs/auto/auto_beta0.649_tau0.724_d0.159_thmin0.967_kc0.210_ke0.548_knued0.260_20250906-144315_48194_3636/data/diagnostics_exp2_a1.0_dtg1.csv",
    "fig3d": null,
    "fig_xy": null,
    "drift": null,
    "theta": null,
    "distances": null
  },
  "events": {
    "escaped": false,
    "t_escape": null,
    "collided": false,
    "t_collision": null
  },
  "binary": {
    "flag": false,
    "r_bin": 0.5,
    "hold": 1.0
  },
  "end_state": {
    "rmin": 0.48403452973747074,
    "drift": -0.007705486476819148,
    "theta": 0.5084649895042553,
    "planar": false,
    "zmax": 1.5908290272846881,
    "fig8_phase": 1.37468053373212,
    "theta_activity": 0.016384500349858156
  },
  "provenance": {
    "python": "3.9.12 (main, Apr  5 2022, 01:52:34) \n[Clang 12.0.0 ]",
    "platform": "macOS-15.6.1-arm64-arm-64bit",
    "numpy": "1.23.3",
    "pandas": "1.4.4",
    "cmd": "three_body_3d_ns_dtg_v3_3_stable.py --ic exp2 --alpha 1.0 --tmax 30.0 --dt 0.002 --dtg 1 --alpha_dtg 0.6 --beta_dtg 0.6487683343299934 --tau_theta 0.7241722904029149 --dtheta_max 0.15889103615705452 --theta_min 0.9672804398155117 --theta_max 2.0 --k_ctrl 0.20956054599291152 --k_ctrl_e 0.5481571336183456 --k_nu 0.0 --k_nu_ed 0.25967802465517553 --nu0 0.002 --nu_max 0.2 --out runs/auto/auto_beta0.649_tau0.724_d0.159_thmin0.967_kc0.210_ke0.548_knued0.260_20250906-144315_48194_3636 --no_plots --lyap_light --adaptive_step --adapt_r_trigger 0.02 --adapt_factor 0.3 --min_max_step 0.0002",
    "scipy": "1.12.0"
  }
}