{
  "timestamp": "2025-09-06 07:42:52",
  "args": {
    "ic": "exp2",
    "alpha": 1.0,
    "tmax": 60.0,
    "dt": 0.002,
    "out": "runs/exploit_top05_beta0.676_tau0.611",
    "elev": 20.0,
    "azim": -60.0,
    "eps": 1e-08,
    "G": 1.0,
    "seed": 0,
    "zero_init": false,
    "no_plots": false,
    "nu0": 0.002,
    "nu_max": 0.2,
    "turb": 0.0,
    "dtg": 1,
    "theta0": 1.0,
    "alpha_dtg": 0.6,
    "beta_dtg": 0.676332178362188,
    "b_dtg": 0.0,
    "tau_theta": 0.6109656788422554,
    "theta_min": 0.9283157707898408,
    "theta_max": 2.0,
    "dtheta_max": 0.0870966874857322,
    "k_nu": 0.0,
    "k_nu_ed": 0.29884014230077716,
    "k_ctrl": 0.27877417983181607,
    "k_ctrl_e": 0.5129260765747347,
    "lyap_const": 0.0,
    "no_soften_when_clamped": false,
    "R_esc": 10.0,
    "r_collide": 0.001,
    "r_bin": 0.5,
    "bin_hold": 1.0,
    "adaptive_step": true,
    "adapt_r_trigger": 0.02,
    "adapt_factor": 0.3,
    "min_max_step": 0.0002,
    "chunk": 0.5,
    "lyap_light": true,
    "lyap_light_dt": 0.01,
    "lyap_light_renorm": 50,
    "lyap_spectrum": false,
    "lyap_k": 3,
    "compare": false,
    "nu_scan": [],
    "drift_threshold": 0.05
  },
  "E0": -2.03375,
  "lyap_top": 0.7951286391393368,
  "lyap_spectrum": null,
  "lyap_score": 0.7951286391393368,
  "outputs": {
    "csv": "runs/exploit_top05_beta0.676_tau0.611/data/threebody3d_exp2_a1.0_dtg1.csv",
    "csv_diagnostics": "runs/exploit_top05_beta0.676_tau0.611/data/diagnostics_exp2_a1.0_dtg1.csv",
    "fig3d": "runs/exploit_top05_beta0.676_tau0.611/figures/threebody3d_exp2_a1.0_dtg1.png",
    "fig_xy": "runs/exploit_top05_beta0.676_tau0.611/figures/xy_exp2_a1.0_dtg1.png",
    "drift": "runs/exploit_top05_beta0.676_tau0.611/figures/energy_drift_exp2_a1.0_dtg1.png",
    "theta": "runs/exploit_top05_beta0.676_tau0.611/figures/theta_exp2_a1.0_dtg1.png",
    "distances": "runs/exploit_top05_beta0.676_tau0.611/figures/distances_exp2_a1.0_dtg1.png"
  },
  "events": {
    "escaped": true,
    "t_escape": 43.519278786068675,
    "collided": false,
    "t_collision": null
  },
  "binary": {
    "flag": true,
    "r_bin": 0.5,
    "hold": 1.0
  },
  "end_state": {
    "rmin": 0.4107897432374429,
    "drift": -0.006702133620698618,
    "theta": 0.45820778588972544,
    "planar": false,
    "zmax": 3.2086033364130455,
    "fig8_phase": 1.6059409435001804,
    "theta_activity": 0.009029870235294469
  },
  "provenance": {
    "python": "3.9.12 (main, Apr  5 2022, 01:52:34) \n[Clang 12.0.0 ]",
    "platform": "macOS-15.6.1-arm64-arm-64bit",
    "numpy": "1.23.3",
    "pandas": "1.4.4",
    "cmd": "three_body_3d_ns_dtg_v3_3_stable.py --ic exp2 --alpha 1.0 --dtg 1 --dt 0.002 --tmax 60 --alpha_dtg 0.6 --beta_dtg 0.676332178362188 --tau_theta 0.6109656788422554 --dtheta_max 0.0870966874857322 --theta_min 0.9283157707898408 --theta_max 2.0 --k_ctrl 0.27877417983181607 --k_ctrl_e 0.5129260765747347 --k_nu 0.0 --k_nu_ed 0.29884014230077716 --nu0 0.002 --nu_max 0.2 --lyap_light --adaptive_step --out runs/exploit_top05_beta0.676_tau0.611",
    "scipy": "1.12.0"
  }
}