{
  "timestamp": "2025-09-06 08:41:33",
  "args": {
    "ic": "exp2",
    "alpha": 1.0,
    "tmax": 45.0,
    "dt": 0.002,
    "out": "runs/auto/auto_beta0.355_tau0.852_d0.113_thmin0.900_kc0.159_ke0.452_knued0.240_20250906-084112_39162_4805",
    "elev": 20.0,
    "azim": -60.0,
    "eps": 1e-08,
    "G": 1.0,
    "seed": 0,
    "zero_init": false,
    "no_plots": true,
    "nu0": 0.002,
    "nu_max": 0.2,
    "turb": 0.0,
    "dtg": 1,
    "theta0": 1.0,
    "alpha_dtg": 0.6,
    "beta_dtg": 0.3548774124298304,
    "b_dtg": 0.0,
    "tau_theta": 0.8524247173426676,
    "theta_min": 0.9,
    "theta_max": 2.0,
    "dtheta_max": 0.11345311067125916,
    "k_nu": 0.0,
    "k_nu_ed": 0.2399390877758207,
    "k_ctrl": 0.15865831567708774,
    "k_ctrl_e": 0.4522619721271173,
    "lyap_const": 0.0,
    "no_soften_when_clamped": false,
    "R_esc": 10.0,
    "r_collide": 0.001,
    "r_bin": 0.5,
    "bin_hold": 1.0,
    "adaptive_step": true,
    "adapt_r_trigger": 0.02,
    "adapt_factor": 0.3,
    "min_max_step": 0.0002,
    "chunk": 0.5,
    "lyap_light": true,
    "lyap_light_dt": 0.01,
    "lyap_light_renorm": 50,
    "lyap_spectrum": false,
    "lyap_k": 3,
    "compare": false,
    "nu_scan": [],
    "drift_threshold": 0.05
  },
  "E0": -2.03375,
  "lyap_top": 0.7004919281109796,
  "lyap_spectrum": null,
  "lyap_score": 0.7004919281109796,
  "outputs": {
    "csv": "runs/auto/auto_beta0.355_tau0.852_d0.113_thmin0.900_kc0.159_ke0.452_knued0.240_20250906-084112_39162_4805/data/threebody3d_exp2_a1.0_dtg1.csv",
    "csv_diagnostics": "runs/auto/auto_beta0.355_tau0.852_d0.113_thmin0.900_kc0.159_ke0.452_knued0.240_20250906-084112_39162_4805/data/diagnostics_exp2_a1.0_dtg1.csv",
    "fig3d": null,
    "fig_xy": null,
    "drift": null,
    "theta": null,
    "distances": null
  },
  "events": {
    "escaped": false,
    "t_escape": null,
    "collided": true,
    "t_collision": 30.405339230776026
  },
  "binary": {
    "flag": true,
    "r_bin": 0.5,
    "hold": 1.0
  },
  "end_state": {
    "rmin": 0.000999999999973235,
    "drift": -0.008339163001340312,
    "theta": 0.7464080269331362,
    "planar": false,
    "zmax": 1.6070947514588614,
    "fig8_phase": 0.9885164436753852,
    "theta_activity": 0.005635377179263638
  },
  "provenance": {
    "python": "3.9.12 (main, Apr  5 2022, 01:52:34) \n[Clang 12.0.0 ]",
    "platform": "macOS-15.6.1-arm64-arm-64bit",
    "numpy": "1.23.3",
    "pandas": "1.4.4",
    "cmd": "three_body_3d_ns_dtg_v3_3_stable.py --ic exp2 --alpha 1.0 --tmax 45.0 --dt 0.002 --dtg 1 --alpha_dtg 0.6 --beta_dtg 0.3548774124298304 --tau_theta 0.8524247173426676 --dtheta_max 0.11345311067125916 --theta_min 0.9 --theta_max 2.0 --k_ctrl 0.15865831567708774 --k_ctrl_e 0.4522619721271173 --k_nu 0.0 --k_nu_ed 0.2399390877758207 --nu0 0.002 --nu_max 0.2 --out runs/auto/auto_beta0.355_tau0.852_d0.113_thmin0.900_kc0.159_ke0.452_knued0.240_20250906-084112_39162_4805 --no_plots --lyap_light --adaptive_step --adapt_r_trigger 0.02 --adapt_factor 0.3 --min_max_step 0.0002",
    "scipy": "1.12.0"
  }
}