{
  "timestamp": "2025-09-05 20:45:26",
  "args": {
    "ic": "exp2",
    "alpha": 1.0,
    "tmax": 30.0,
    "dt": 0.002,
    "out": "runs/auto/auto_beta0.468_tau0.674_d0.101_thmin0.939_kc0.197_ke0.323_knued0.300_20250905-204509",
    "elev": 20.0,
    "azim": -60.0,
    "eps": 1e-08,
    "G": 1.0,
    "seed": 0,
    "zero_init": false,
    "no_plots": true,
    "nu0": 0.002,
    "nu_max": 0.2,
    "turb": 0.0,
    "dtg": 1,
    "theta0": 1.0,
    "alpha_dtg": 0.6,
    "beta_dtg": 0.4680699885843379,
    "b_dtg": 0.0,
    "tau_theta": 0.6737665306748651,
    "theta_min": 0.9392580202260701,
    "theta_max": 2.0,
    "dtheta_max": 0.10097986314454932,
    "k_nu": 0.0,
    "k_nu_ed": 0.3,
    "k_ctrl": 0.1970046756779313,
    "k_ctrl_e": 0.3233316093169998,
    "lyap_const": 0.0,
    "no_soften_when_clamped": false,
    "R_esc": 10.0,
    "r_collide": 0.001,
    "r_bin": 0.5,
    "bin_hold": 1.0,
    "adaptive_step": false,
    "adapt_r_trigger": 0.02,
    "adapt_factor": 0.3,
    "min_max_step": 0.0002,
    "chunk": 0.5,
    "lyap_light": false,
    "lyap_light_dt": 0.01,
    "lyap_light_renorm": 50,
    "lyap_spectrum": false,
    "lyap_k": 3,
    "compare": false,
    "nu_scan": [],
    "drift_threshold": 0.05
  },
  "E0": -2.03375,
  "lyap_top": null,
  "lyap_spectrum": null,
  "lyap_score": 0.0,
  "outputs": {
    "csv": "runs/auto/auto_beta0.468_tau0.674_d0.101_thmin0.939_kc0.197_ke0.323_knued0.300_20250905-204509/data/threebody3d_exp2_a1.0_dtg1.csv",
    "csv_diagnostics": "runs/auto/auto_beta0.468_tau0.674_d0.101_thmin0.939_kc0.197_ke0.323_knued0.300_20250905-204509/data/diagnostics_exp2_a1.0_dtg1.csv",
    "fig3d": null,
    "fig_xy": null,
    "drift": null,
    "theta": null,
    "distances": null
  },
  "events": {
    "escaped": false,
    "t_escape": null,
    "collided": false,
    "t_collision": null
  },
  "binary": {
    "flag": false,
    "r_bin": 0.5,
    "hold": 1.0
  },
  "end_state": {
    "rmin": 0.8348185648263641,
    "drift": -0.0066711057283722515,
    "theta": 0.9959973419204581,
    "planar": false,
    "zmax": 1.55583408479743,
    "fig8_phase": 1.249651830508554,
    "theta_activity": 0.00013342193881844174
  },
  "provenance": {
    "python": "3.9.12 (main, Apr  5 2022, 01:52:34) \n[Clang 12.0.0 ]",
    "platform": "macOS-15.6.1-arm64-arm-64bit",
    "numpy": "1.23.3",
    "pandas": "1.4.4",
    "cmd": "three_body_3d_ns_dtg_v3_3_stable.py --ic exp2 --alpha 1.0 --tmax 30.0 --dt 0.002 --dtg 1 --alpha_dtg 0.6 --beta_dtg 0.4680699885843379 --tau_theta 0.6737665306748651 --dtheta_max 0.10097986314454932 --theta_min 0.9392580202260701 --theta_max 2.0 --k_ctrl 0.1970046756779313 --k_ctrl_e 0.3233316093169998 --k_nu 0.0 --k_nu_ed 0.3 --nu0 0.002 --nu_max 0.2 --out runs/auto/auto_beta0.468_tau0.674_d0.101_thmin0.939_kc0.197_ke0.323_knued0.300_20250905-204509 --no_plots",
    "scipy": "1.12.0"
  }
}