{
  "timestamp": "2025-09-04 20:21:11",
  "args": {
    "ic": "exp2",
    "alpha": 1.0,
    "tmax": 20.0,
    "dt": 0.002,
    "out": "runs/auto/auto_beta0.306_tau1.168_d0.126_thmin0.950_kc0.300_ke0.700_knued0.223_20250904-202100",
    "elev": 20.0,
    "azim": -60.0,
    "eps": 1e-08,
    "G": 1.0,
    "seed": 0,
    "zero_init": false,
    "no_plots": true,
    "nu0": 0.002,
    "nu_max": 0.2,
    "turb": 0.0,
    "dtg": 1,
    "theta0": 1.0,
    "alpha_dtg": 0.6,
    "beta_dtg": 0.305625340764056,
    "b_dtg": 0.0,
    "tau_theta": 1.1683360512772831,
    "theta_min": 0.9504972852147009,
    "theta_max": 2.0,
    "dtheta_max": 0.12642311758180527,
    "k_nu": 0.0,
    "k_nu_ed": 0.22291737732635702,
    "k_ctrl": 0.3,
    "k_ctrl_e": 0.7,
    "lyap_const": 0.0,
    "no_soften_when_clamped": false,
    "R_esc": 10.0,
    "r_collide": 0.001,
    "r_bin": 0.5,
    "bin_hold": 1.0,
    "adaptive_step": false,
    "adapt_r_trigger": 0.02,
    "adapt_factor": 0.3,
    "min_max_step": 0.0002,
    "chunk": 0.5,
    "lyap_light": false,
    "lyap_light_dt": 0.01,
    "lyap_light_renorm": 50,
    "lyap_spectrum": false,
    "lyap_k": 3,
    "compare": false,
    "nu_scan": [],
    "drift_threshold": 0.05
  },
  "E0": -2.03375,
  "lyap_top": null,
  "lyap_spectrum": null,
  "lyap_score": 0.0,
  "outputs": {
    "csv": "runs/auto/auto_beta0.306_tau1.168_d0.126_thmin0.950_kc0.300_ke0.700_knued0.223_20250904-202100/data/threebody3d_exp2_a1.0_dtg1.csv",
    "csv_diagnostics": "runs/auto/auto_beta0.306_tau1.168_d0.126_thmin0.950_kc0.300_ke0.700_knued0.223_20250904-202100/data/diagnostics_exp2_a1.0_dtg1.csv",
    "fig3d": null,
    "fig_xy": null,
    "drift": null,
    "theta": null,
    "distances": null
  },
  "events": {
    "escaped": false,
    "t_escape": null,
    "collided": false,
    "t_collision": null
  },
  "binary": {
    "flag": false,
    "r_bin": 0.5,
    "hold": 1.0
  },
  "end_state": {
    "rmin": 0.4085755219652341,
    "drift": -0.008971444441327013,
    "theta": 0.9946177259737162,
    "planar": false,
    "zmax": 1.475557161011658,
    "fig8_phase": 1.5153572318653885,
    "theta_activity": 0.00026911370131418866
  },
  "provenance": {
    "python": "3.9.12 (main, Apr  5 2022, 01:52:34) \n[Clang 12.0.0 ]",
    "platform": "macOS-15.6.1-arm64-arm-64bit",
    "numpy": "1.23.3",
    "pandas": "1.4.4",
    "cmd": "three_body_3d_ns_dtg_v3_3_stable.py --ic exp2 --alpha 1.0 --tmax 20.0 --dt 0.002 --dtg 1 --alpha_dtg 0.6 --beta_dtg 0.305625340764056 --tau_theta 1.1683360512772831 --dtheta_max 0.12642311758180527 --theta_min 0.9504972852147009 --theta_max 2.0 --k_ctrl 0.3 --k_ctrl_e 0.7 --k_nu 0.0 --k_nu_ed 0.22291737732635702 --nu0 0.002 --nu_max 0.2 --out runs/auto/auto_beta0.306_tau1.168_d0.126_thmin0.950_kc0.300_ke0.700_knued0.223_20250904-202100 --no_plots",
    "scipy": "1.12.0"
  }
}