{
  "timestamp": "2025-09-06 08:41:12",
  "args": {
    "ic": "exp2",
    "alpha": 1.0,
    "tmax": 45.0,
    "dt": 0.002,
    "out": "runs/auto/auto_beta0.368_tau1.164_d0.108_thmin0.900_kc0.150_ke0.502_knued0.238_20250906-084043_39161_6054",
    "elev": 20.0,
    "azim": -60.0,
    "eps": 1e-08,
    "G": 1.0,
    "seed": 0,
    "zero_init": false,
    "no_plots": true,
    "nu0": 0.002,
    "nu_max": 0.2,
    "turb": 0.0,
    "dtg": 1,
    "theta0": 1.0,
    "alpha_dtg": 0.6,
    "beta_dtg": 0.3680876579215987,
    "b_dtg": 0.0,
    "tau_theta": 1.164081419395533,
    "theta_min": 0.9,
    "theta_max": 2.0,
    "dtheta_max": 0.10825451713272304,
    "k_nu": 0.0,
    "k_nu_ed": 0.23753520837728748,
    "k_ctrl": 0.15,
    "k_ctrl_e": 0.5022097537805846,
    "lyap_const": 0.0,
    "no_soften_when_clamped": false,
    "R_esc": 10.0,
    "r_collide": 0.001,
    "r_bin": 0.5,
    "bin_hold": 1.0,
    "adaptive_step": true,
    "adapt_r_trigger": 0.02,
    "adapt_factor": 0.3,
    "min_max_step": 0.0002,
    "chunk": 0.5,
    "lyap_light": true,
    "lyap_light_dt": 0.01,
    "lyap_light_renorm": 50,
    "lyap_spectrum": false,
    "lyap_k": 3,
    "compare": false,
    "nu_scan": [],
    "drift_threshold": 0.05
  },
  "E0": -2.03375,
  "lyap_top": 0.7004919281109796,
  "lyap_spectrum": null,
  "lyap_score": 0.7004919281109796,
  "outputs": {
    "csv": "runs/auto/auto_beta0.368_tau1.164_d0.108_thmin0.900_kc0.150_ke0.502_knued0.238_20250906-084043_39161_6054/data/threebody3d_exp2_a1.0_dtg1.csv",
    "csv_diagnostics": "runs/auto/auto_beta0.368_tau1.164_d0.108_thmin0.900_kc0.150_ke0.502_knued0.238_20250906-084043_39161_6054/data/diagnostics_exp2_a1.0_dtg1.csv",
    "fig3d": null,
    "fig_xy": null,
    "drift": null,
    "theta": null,
    "distances": null
  },
  "events": {
    "escaped": false,
    "t_escape": null,
    "collided": false,
    "t_collision": null
  },
  "binary": {
    "flag": false,
    "r_bin": 0.5,
    "hold": 1.0
  },
  "end_state": {
    "rmin": 0.7097974189202345,
    "drift": -0.008424478853340796,
    "theta": 0.7371029027547076,
    "planar": false,
    "zmax": 2.3517842809000356,
    "fig8_phase": 0.9266004811851177,
    "theta_activity": 0.005842157716562053
  },
  "provenance": {
    "python": "3.9.12 (main, Apr  5 2022, 01:52:34) \n[Clang 12.0.0 ]",
    "platform": "macOS-15.6.1-arm64-arm-64bit",
    "numpy": "1.23.3",
    "pandas": "1.4.4",
    "cmd": "three_body_3d_ns_dtg_v3_3_stable.py --ic exp2 --alpha 1.0 --tmax 45.0 --dt 0.002 --dtg 1 --alpha_dtg 0.6 --beta_dtg 0.3680876579215987 --tau_theta 1.164081419395533 --dtheta_max 0.10825451713272304 --theta_min 0.9 --theta_max 2.0 --k_ctrl 0.15 --k_ctrl_e 0.5022097537805846 --k_nu 0.0 --k_nu_ed 0.23753520837728748 --nu0 0.002 --nu_max 0.2 --out runs/auto/auto_beta0.368_tau1.164_d0.108_thmin0.900_kc0.150_ke0.502_knued0.238_20250906-084043_39161_6054 --no_plots --lyap_light --adaptive_step --adapt_r_trigger 0.02 --adapt_factor 0.3 --min_max_step 0.0002",
    "scipy": "1.12.0"
  }
}