{
  "timestamp": "2025-09-06 07:54:41",
  "args": {
    "ic": "exp2",
    "alpha": 1.0,
    "tmax": 30.0,
    "dt": 0.002,
    "out": "runs/auto/auto_beta0.459_tau0.600_d0.080_thmin0.943_kc0.252_ke0.638_knued0.263_20250906-075419_27625_6077",
    "elev": 20.0,
    "azim": -60.0,
    "eps": 1e-08,
    "G": 1.0,
    "seed": 0,
    "zero_init": false,
    "no_plots": true,
    "nu0": 0.002,
    "nu_max": 0.2,
    "turb": 0.0,
    "dtg": 1,
    "theta0": 1.0,
    "alpha_dtg": 0.6,
    "beta_dtg": 0.45889760444173877,
    "b_dtg": 0.0,
    "tau_theta": 0.600017948830815,
    "theta_min": 0.9425571696346542,
    "theta_max": 2.0,
    "dtheta_max": 0.08,
    "k_nu": 0.0,
    "k_nu_ed": 0.2632728697228181,
    "k_ctrl": 0.25219912598645555,
    "k_ctrl_e": 0.6384260177696753,
    "lyap_const": 0.0,
    "no_soften_when_clamped": false,
    "R_esc": 10.0,
    "r_collide": 0.001,
    "r_bin": 0.5,
    "bin_hold": 1.0,
    "adaptive_step": false,
    "adapt_r_trigger": 0.02,
    "adapt_factor": 0.3,
    "min_max_step": 0.0002,
    "chunk": 0.5,
    "lyap_light": false,
    "lyap_light_dt": 0.01,
    "lyap_light_renorm": 50,
    "lyap_spectrum": false,
    "lyap_k": 3,
    "compare": false,
    "nu_scan": [],
    "drift_threshold": 0.05
  },
  "E0": -2.03375,
  "lyap_top": null,
  "lyap_spectrum": null,
  "lyap_score": 0.0,
  "outputs": {
    "csv": "runs/auto/auto_beta0.459_tau0.600_d0.080_thmin0.943_kc0.252_ke0.638_knued0.263_20250906-075419_27625_6077/data/threebody3d_exp2_a1.0_dtg1.csv",
    "csv_diagnostics": "runs/auto/auto_beta0.459_tau0.600_d0.080_thmin0.943_kc0.252_ke0.638_knued0.263_20250906-075419_27625_6077/data/diagnostics_exp2_a1.0_dtg1.csv",
    "fig3d": null,
    "fig_xy": null,
    "drift": null,
    "theta": null,
    "distances": null
  },
  "events": {
    "escaped": false,
    "t_escape": null,
    "collided": false,
    "t_collision": null
  },
  "binary": {
    "flag": false,
    "r_bin": 0.5,
    "hold": 1.0
  },
  "end_state": {
    "rmin": 0.5680559643783812,
    "drift": -0.007600411569334909,
    "theta": 0.995439766084191,
    "planar": false,
    "zmax": 1.6145302155846117,
    "fig8_phase": 1.3565483880889242,
    "theta_activity": 0.00015200779719363178
  },
  "provenance": {
    "python": "3.9.12 (main, Apr  5 2022, 01:52:34) \n[Clang 12.0.0 ]",
    "platform": "macOS-15.6.1-arm64-arm-64bit",
    "numpy": "1.23.3",
    "pandas": "1.4.4",
    "cmd": "three_body_3d_ns_dtg_v3_3_stable.py --ic exp2 --alpha 1.0 --tmax 30.0 --dt 0.002 --dtg 1 --alpha_dtg 0.6 --beta_dtg 0.45889760444173877 --tau_theta 0.600017948830815 --dtheta_max 0.08 --theta_min 0.9425571696346542 --theta_max 2.0 --k_ctrl 0.25219912598645555 --k_ctrl_e 0.6384260177696753 --k_nu 0.0 --k_nu_ed 0.2632728697228181 --nu0 0.002 --nu_max 0.2 --out runs/auto/auto_beta0.459_tau0.600_d0.080_thmin0.943_kc0.252_ke0.638_knued0.263_20250906-075419_27625_6077 --no_plots",
    "scipy": "1.12.0"
  }
}