{
  "timestamp": "2025-09-06 08:39:11",
  "args": {
    "ic": "exp2",
    "alpha": 1.0,
    "tmax": 45.0,
    "dt": 0.002,
    "out": "runs/auto/auto_beta0.611_tau0.801_d0.160_thmin0.969_kc0.297_ke0.536_knued0.248_20250906-083846_39066_9367",
    "elev": 20.0,
    "azim": -60.0,
    "eps": 1e-08,
    "G": 1.0,
    "seed": 0,
    "zero_init": false,
    "no_plots": true,
    "nu0": 0.002,
    "nu_max": 0.2,
    "turb": 0.0,
    "dtg": 1,
    "theta0": 1.0,
    "alpha_dtg": 0.6,
    "beta_dtg": 0.6114345434422718,
    "b_dtg": 0.0,
    "tau_theta": 0.8008656628921571,
    "theta_min": 0.9689525606013071,
    "theta_max": 2.0,
    "dtheta_max": 0.16,
    "k_nu": 0.0,
    "k_nu_ed": 0.24783316256255514,
    "k_ctrl": 0.2974125971397427,
    "k_ctrl_e": 0.5359723256097284,
    "lyap_const": 0.0,
    "no_soften_when_clamped": false,
    "R_esc": 10.0,
    "r_collide": 0.001,
    "r_bin": 0.5,
    "bin_hold": 1.0,
    "adaptive_step": true,
    "adapt_r_trigger": 0.02,
    "adapt_factor": 0.3,
    "min_max_step": 0.0002,
    "chunk": 0.5,
    "lyap_light": true,
    "lyap_light_dt": 0.01,
    "lyap_light_renorm": 50,
    "lyap_spectrum": false,
    "lyap_k": 3,
    "compare": false,
    "nu_scan": [],
    "drift_threshold": 0.05
  },
  "E0": -2.03375,
  "lyap_top": 0.7004919281109796,
  "lyap_spectrum": null,
  "lyap_score": 0.7004919281109796,
  "outputs": {
    "csv": "runs/auto/auto_beta0.611_tau0.801_d0.160_thmin0.969_kc0.297_ke0.536_knued0.248_20250906-083846_39066_9367/data/threebody3d_exp2_a1.0_dtg1.csv",
    "csv_diagnostics": "runs/auto/auto_beta0.611_tau0.801_d0.160_thmin0.969_kc0.297_ke0.536_knued0.248_20250906-083846_39066_9367/data/diagnostics_exp2_a1.0_dtg1.csv",
    "fig3d": null,
    "fig_xy": null,
    "drift": null,
    "theta": null,
    "distances": null
  },
  "events": {
    "escaped": true,
    "t_escape": 39.20851226979131,
    "collided": false,
    "t_collision": null
  },
  "binary": {
    "flag": true,
    "r_bin": 0.5,
    "hold": 1.0
  },
  "end_state": {
    "rmin": 0.3139339065367845,
    "drift": -0.008073247761332092,
    "theta": 0.566851089095574,
    "planar": false,
    "zmax": 3.0407528183875745,
    "fig8_phase": 0.9093151774344816,
    "theta_activity": 0.009625531353431688
  },
  "provenance": {
    "python": "3.9.12 (main, Apr  5 2022, 01:52:34) \n[Clang 12.0.0 ]",
    "platform": "macOS-15.6.1-arm64-arm-64bit",
    "numpy": "1.23.3",
    "pandas": "1.4.4",
    "cmd": "three_body_3d_ns_dtg_v3_3_stable.py --ic exp2 --alpha 1.0 --tmax 45.0 --dt 0.002 --dtg 1 --alpha_dtg 0.6 --beta_dtg 0.6114345434422718 --tau_theta 0.8008656628921571 --dtheta_max 0.16 --theta_min 0.9689525606013071 --theta_max 2.0 --k_ctrl 0.2974125971397427 --k_ctrl_e 0.5359723256097284 --k_nu 0.0 --k_nu_ed 0.24783316256255514 --nu0 0.002 --nu_max 0.2 --out runs/auto/auto_beta0.611_tau0.801_d0.160_thmin0.969_kc0.297_ke0.536_knued0.248_20250906-083846_39066_9367 --no_plots --lyap_light --adaptive_step --adapt_r_trigger 0.02 --adapt_factor 0.3 --min_max_step 0.0002",
    "scipy": "1.12.0"
  }
}