{
  "timestamp": "2025-09-06 15:15:03",
  "args": {
    "ic": "exp2",
    "alpha": 1.0,
    "tmax": 30.0,
    "dt": 0.002,
    "out": "runs/auto_1510/auto_beta0.749_tau1.315_d0.134_thmin0.961_kc0.235_ke0.645_knued0.222_20250906-151443_56102_4398",
    "elev": 20.0,
    "azim": -60.0,
    "eps": 1e-08,
    "G": 1.0,
    "seed": 0,
    "zero_init": false,
    "no_plots": true,
    "nu0": 0.002,
    "nu_max": 0.2,
    "turb": 0.0,
    "dtg": 1,
    "theta0": 1.0,
    "alpha_dtg": 0.6,
    "beta_dtg": 0.7491395966346432,
    "b_dtg": 0.0,
    "tau_theta": 1.3151969326903097,
    "theta_min": 0.9610748459890506,
    "theta_max": 2.0,
    "dtheta_max": 0.13398517003513097,
    "k_nu": 0.0,
    "k_nu_ed": 0.22232960352761907,
    "k_ctrl": 0.23528225310100695,
    "k_ctrl_e": 0.6451053655035185,
    "lyap_const": 0.0,
    "no_soften_when_clamped": false,
    "R_esc": 10.0,
    "r_collide": 0.001,
    "r_bin": 0.5,
    "bin_hold": 1.0,
    "adaptive_step": true,
    "adapt_r_trigger": 0.02,
    "adapt_factor": 0.3,
    "min_max_step": 0.0002,
    "chunk": 0.5,
    "lyap_light": true,
    "lyap_light_dt": 0.01,
    "lyap_light_renorm": 50,
    "lyap_spectrum": false,
    "lyap_k": 3,
    "compare": false,
    "nu_scan": [],
    "drift_threshold": 0.05
  },
  "E0": -2.03375,
  "lyap_top": 0.7505171770988928,
  "lyap_spectrum": null,
  "lyap_score": 0.7505171770988928,
  "outputs": {
    "csv": "runs/auto_1510/auto_beta0.749_tau1.315_d0.134_thmin0.961_kc0.235_ke0.645_knued0.222_20250906-151443_56102_4398/data/threebody3d_exp2_a1.0_dtg1.csv",
    "csv_diagnostics": "runs/auto_1510/auto_beta0.749_tau1.315_d0.134_thmin0.961_kc0.235_ke0.645_knued0.222_20250906-151443_56102_4398/data/diagnostics_exp2_a1.0_dtg1.csv",
    "fig3d": null,
    "fig_xy": null,
    "drift": null,
    "theta": null,
    "distances": null
  },
  "events": {
    "escaped": false,
    "t_escape": null,
    "collided": false,
    "t_collision": null
  },
  "binary": {
    "flag": false,
    "r_bin": 0.5,
    "hold": 1.0
  },
  "end_state": {
    "rmin": 0.3956113332602553,
    "drift": -0.00899833802673627,
    "theta": 0.43235905999731383,
    "planar": false,
    "zmax": 1.6343495127897218,
    "fig8_phase": 1.4289696328189867,
    "theta_activity": 0.018921364666756205
  },
  "provenance": {
    "python": "3.9.12 (main, Apr  5 2022, 01:52:34) \n[Clang 12.0.0 ]",
    "platform": "macOS-15.6.1-arm64-arm-64bit",
    "numpy": "1.23.3",
    "pandas": "1.4.4",
    "cmd": "three_body_3d_ns_dtg_v3_3_stable.py --ic exp2 --alpha 1.0 --tmax 30.0 --dt 0.002 --dtg 1 --alpha_dtg 0.6 --beta_dtg 0.7491395966346432 --tau_theta 1.3151969326903097 --dtheta_max 0.13398517003513097 --theta_min 0.9610748459890506 --theta_max 2.0 --k_ctrl 0.23528225310100695 --k_ctrl_e 0.6451053655035185 --k_nu 0.0 --k_nu_ed 0.22232960352761907 --nu0 0.002 --nu_max 0.2 --out runs/auto_1510/auto_beta0.749_tau1.315_d0.134_thmin0.961_kc0.235_ke0.645_knued0.222_20250906-151443_56102_4398 --no_plots --lyap_light --adaptive_step --adapt_r_trigger 0.02 --adapt_factor 0.3 --min_max_step 0.0002",
    "scipy": "1.12.0"
  }
}