{
  "timestamp": "2025-09-06 15:30:11",
  "args": {
    "ic": "exp2",
    "alpha": 1.0,
    "tmax": 30.0,
    "dt": 0.002,
    "out": "runs/auto_1510/auto_beta0.605_tau0.621_d0.160_thmin0.966_kc0.150_ke0.670_knued0.258_20250906-152951_59632_5807",
    "elev": 20.0,
    "azim": -60.0,
    "eps": 1e-08,
    "G": 1.0,
    "seed": 0,
    "zero_init": false,
    "no_plots": true,
    "nu0": 0.002,
    "nu_max": 0.2,
    "turb": 0.0,
    "dtg": 1,
    "theta0": 1.0,
    "alpha_dtg": 0.6,
    "beta_dtg": 0.6053654202978462,
    "b_dtg": 0.0,
    "tau_theta": 0.6212829637337606,
    "theta_min": 0.965919336531311,
    "theta_max": 2.0,
    "dtheta_max": 0.16,
    "k_nu": 0.0,
    "k_nu_ed": 0.2581060402577508,
    "k_ctrl": 0.15,
    "k_ctrl_e": 0.6700204325397633,
    "lyap_const": 0.0,
    "no_soften_when_clamped": false,
    "R_esc": 10.0,
    "r_collide": 0.001,
    "r_bin": 0.5,
    "bin_hold": 1.0,
    "adaptive_step": true,
    "adapt_r_trigger": 0.02,
    "adapt_factor": 0.3,
    "min_max_step": 0.0002,
    "chunk": 0.5,
    "lyap_light": true,
    "lyap_light_dt": 0.01,
    "lyap_light_renorm": 50,
    "lyap_spectrum": false,
    "lyap_k": 3,
    "compare": false,
    "nu_scan": [],
    "drift_threshold": 0.05
  },
  "E0": -2.03375,
  "lyap_top": 0.7505171770988928,
  "lyap_spectrum": null,
  "lyap_score": 0.7505171770988928,
  "outputs": {
    "csv": "runs/auto_1510/auto_beta0.605_tau0.621_d0.160_thmin0.966_kc0.150_ke0.670_knued0.258_20250906-152951_59632_5807/data/threebody3d_exp2_a1.0_dtg1.csv",
    "csv_diagnostics": "runs/auto_1510/auto_beta0.605_tau0.621_d0.160_thmin0.966_kc0.150_ke0.670_knued0.258_20250906-152951_59632_5807/data/diagnostics_exp2_a1.0_dtg1.csv",
    "fig3d": null,
    "fig_xy": null,
    "drift": null,
    "theta": null,
    "distances": null
  },
  "events": {
    "escaped": false,
    "t_escape": null,
    "collided": true,
    "t_collision": 29.4276332249552
  },
  "binary": {
    "flag": false,
    "r_bin": 0.5,
    "hold": 1.0
  },
  "end_state": {
    "rmin": 0.0010000000000068823,
    "drift": -0.0077526447036075094,
    "theta": 0.5410115137534841,
    "planar": false,
    "zmax": 1.5779960075407031,
    "fig8_phase": 1.367351512307701,
    "theta_activity": 0.015299616208217197
  },
  "provenance": {
    "python": "3.9.12 (main, Apr  5 2022, 01:52:34) \n[Clang 12.0.0 ]",
    "platform": "macOS-15.6.1-arm64-arm-64bit",
    "numpy": "1.23.3",
    "pandas": "1.4.4",
    "cmd": "three_body_3d_ns_dtg_v3_3_stable.py --ic exp2 --alpha 1.0 --tmax 30.0 --dt 0.002 --dtg 1 --alpha_dtg 0.6 --beta_dtg 0.6053654202978462 --tau_theta 0.6212829637337606 --dtheta_max 0.16 --theta_min 0.965919336531311 --theta_max 2.0 --k_ctrl 0.15 --k_ctrl_e 0.6700204325397633 --k_nu 0.0 --k_nu_ed 0.2581060402577508 --nu0 0.002 --nu_max 0.2 --out runs/auto_1510/auto_beta0.605_tau0.621_d0.160_thmin0.966_kc0.150_ke0.670_knued0.258_20250906-152951_59632_5807 --no_plots --lyap_light --adaptive_step --adapt_r_trigger 0.02 --adapt_factor 0.3 --min_max_step 0.0002",
    "scipy": "1.12.0"
  }
}