{
  "timestamp": "2025-09-05 19:16:28",
  "args": {
    "ic": "exp2",
    "alpha": 1.0,
    "tmax": 30.0,
    "dt": 0.002,
    "out": "runs/auto/auto_beta0.327_tau1.368_d0.154_thmin0.926_kc0.291_ke0.481_knued0.275_20250905-191612",
    "elev": 20.0,
    "azim": -60.0,
    "eps": 1e-08,
    "G": 1.0,
    "seed": 0,
    "zero_init": false,
    "no_plots": true,
    "nu0": 0.002,
    "nu_max": 0.2,
    "turb": 0.0,
    "dtg": 1,
    "theta0": 1.0,
    "alpha_dtg": 0.6,
    "beta_dtg": 0.3266106058588288,
    "b_dtg": 0.0,
    "tau_theta": 1.3683032683988359,
    "theta_min": 0.9259099887631639,
    "theta_max": 2.0,
    "dtheta_max": 0.1543319405656288,
    "k_nu": 0.0,
    "k_nu_ed": 0.27536992904043583,
    "k_ctrl": 0.29087260265246007,
    "k_ctrl_e": 0.4810590638874664,
    "lyap_const": 0.0,
    "no_soften_when_clamped": false,
    "R_esc": 10.0,
    "r_collide": 0.001,
    "r_bin": 0.5,
    "bin_hold": 1.0,
    "adaptive_step": false,
    "adapt_r_trigger": 0.02,
    "adapt_factor": 0.3,
    "min_max_step": 0.0002,
    "chunk": 0.5,
    "lyap_light": false,
    "lyap_light_dt": 0.01,
    "lyap_light_renorm": 50,
    "lyap_spectrum": false,
    "lyap_k": 3,
    "compare": false,
    "nu_scan": [],
    "drift_threshold": 0.05
  },
  "E0": -2.03375,
  "lyap_top": null,
  "lyap_spectrum": null,
  "lyap_score": 0.0,
  "outputs": {
    "csv": "runs/auto/auto_beta0.327_tau1.368_d0.154_thmin0.926_kc0.291_ke0.481_knued0.275_20250905-191612/data/threebody3d_exp2_a1.0_dtg1.csv",
    "csv_diagnostics": "runs/auto/auto_beta0.327_tau1.368_d0.154_thmin0.926_kc0.291_ke0.481_knued0.275_20250905-191612/data/diagnostics_exp2_a1.0_dtg1.csv",
    "fig3d": null,
    "fig_xy": null,
    "drift": null,
    "theta": null,
    "distances": null
  },
  "events": {
    "escaped": false,
    "t_escape": null,
    "collided": true,
    "t_collision": 28.89678068209014
  },
  "binary": {
    "flag": false,
    "r_bin": 0.5,
    "hold": 1.0
  },
  "end_state": {
    "rmin": 0.01746135918765028,
    "drift": -0.007266870154966144,
    "theta": 0.995640011815687,
    "planar": false,
    "zmax": 1.5495558313455358,
    "fig8_phase": 1.4105085273407363,
    "theta_activity": 0.00015088552686576154
  },
  "provenance": {
    "python": "3.9.12 (main, Apr  5 2022, 01:52:34) \n[Clang 12.0.0 ]",
    "platform": "macOS-15.6.1-arm64-arm-64bit",
    "numpy": "1.23.3",
    "pandas": "1.4.4",
    "cmd": "three_body_3d_ns_dtg_v3_3_stable.py --ic exp2 --alpha 1.0 --tmax 30.0 --dt 0.002 --dtg 1 --alpha_dtg 0.6 --beta_dtg 0.3266106058588288 --tau_theta 1.3683032683988359 --dtheta_max 0.1543319405656288 --theta_min 0.9259099887631639 --theta_max 2.0 --k_ctrl 0.29087260265246007 --k_ctrl_e 0.4810590638874664 --k_nu 0.0 --k_nu_ed 0.27536992904043583 --nu0 0.002 --nu_max 0.2 --out runs/auto/auto_beta0.327_tau1.368_d0.154_thmin0.926_kc0.291_ke0.481_knued0.275_20250905-191612 --no_plots",
    "scipy": "1.12.0"
  }
}