{
  "timestamp": "2025-09-04 19:56:32",
  "args": {
    "ic": "exp2",
    "alpha": 1.0,
    "tmax": 20.0,
    "dt": 0.002,
    "out": "runs/auto/auto_beta0.452_tau0.981_d0.127_thmin0.973_kc0.226_ke0.413_knued0.263_20250904-195621",
    "elev": 20.0,
    "azim": -60.0,
    "eps": 1e-08,
    "G": 1.0,
    "seed": 0,
    "zero_init": false,
    "no_plots": true,
    "nu0": 0.002,
    "nu_max": 0.2,
    "turb": 0.0,
    "dtg": 1,
    "theta0": 1.0,
    "alpha_dtg": 0.6,
    "beta_dtg": 0.4516563630394637,
    "b_dtg": 0.0,
    "tau_theta": 0.9812775633218846,
    "theta_min": 0.9726490308156268,
    "theta_max": 2.0,
    "dtheta_max": 0.12667056315640252,
    "k_nu": 0.0,
    "k_nu_ed": 0.26337063062358357,
    "k_ctrl": 0.22570302837260853,
    "k_ctrl_e": 0.4127351377598815,
    "lyap_const": 0.0,
    "no_soften_when_clamped": false,
    "R_esc": 10.0,
    "r_collide": 0.001,
    "r_bin": 0.5,
    "bin_hold": 1.0,
    "adaptive_step": false,
    "adapt_r_trigger": 0.02,
    "adapt_factor": 0.3,
    "min_max_step": 0.0002,
    "chunk": 0.5,
    "lyap_light": false,
    "lyap_light_dt": 0.01,
    "lyap_light_renorm": 50,
    "lyap_spectrum": false,
    "lyap_k": 3,
    "compare": false,
    "nu_scan": [],
    "drift_threshold": 0.05
  },
  "E0": -2.03375,
  "lyap_top": null,
  "lyap_spectrum": null,
  "lyap_score": 0.0,
  "outputs": {
    "csv": "runs/auto/auto_beta0.452_tau0.981_d0.127_thmin0.973_kc0.226_ke0.413_knued0.263_20250904-195621/data/threebody3d_exp2_a1.0_dtg1.csv",
    "csv_diagnostics": "runs/auto/auto_beta0.452_tau0.981_d0.127_thmin0.973_kc0.226_ke0.413_knued0.263_20250904-195621/data/diagnostics_exp2_a1.0_dtg1.csv",
    "fig3d": null,
    "fig_xy": null,
    "drift": null,
    "theta": null,
    "distances": null
  },
  "events": {
    "escaped": false,
    "t_escape": null,
    "collided": false,
    "t_collision": null
  },
  "binary": {
    "flag": false,
    "r_bin": 0.5,
    "hold": 1.0
  },
  "end_state": {
    "rmin": 0.5451758013953025,
    "drift": -0.0075947748755184055,
    "theta": 0.9954433426730414,
    "planar": false,
    "zmax": 1.4565995517478882,
    "fig8_phase": 1.5042825497983592,
    "theta_activity": 0.00022783286634793233
  },
  "provenance": {
    "python": "3.9.12 (main, Apr  5 2022, 01:52:34) \n[Clang 12.0.0 ]",
    "platform": "macOS-15.6.1-arm64-arm-64bit",
    "numpy": "1.23.3",
    "pandas": "1.4.4",
    "cmd": "three_body_3d_ns_dtg_v3_3_stable.py --ic exp2 --alpha 1.0 --tmax 20.0 --dt 0.002 --dtg 1 --alpha_dtg 0.6 --beta_dtg 0.4516563630394637 --tau_theta 0.9812775633218846 --dtheta_max 0.12667056315640252 --theta_min 0.9726490308156268 --theta_max 2.0 --k_ctrl 0.22570302837260853 --k_ctrl_e 0.4127351377598815 --k_nu 0.0 --k_nu_ed 0.26337063062358357 --nu0 0.002 --nu_max 0.2 --out runs/auto/auto_beta0.452_tau0.981_d0.127_thmin0.973_kc0.226_ke0.413_knued0.263_20250904-195621 --no_plots",
    "scipy": "1.12.0"
  }
}