{
  "timestamp": "2025-09-06 15:15:43",
  "args": {
    "ic": "exp2",
    "alpha": 1.0,
    "tmax": 30.0,
    "dt": 0.002,
    "out": "runs/auto_1510/auto_beta0.575_tau0.753_d0.160_thmin0.963_kc0.166_ke0.629_knued0.238_20250906-151523_56104_7654",
    "elev": 20.0,
    "azim": -60.0,
    "eps": 1e-08,
    "G": 1.0,
    "seed": 0,
    "zero_init": false,
    "no_plots": true,
    "nu0": 0.002,
    "nu_max": 0.2,
    "turb": 0.0,
    "dtg": 1,
    "theta0": 1.0,
    "alpha_dtg": 0.6,
    "beta_dtg": 0.5753072326402774,
    "b_dtg": 0.0,
    "tau_theta": 0.7530991581517268,
    "theta_min": 0.9631497451323607,
    "theta_max": 2.0,
    "dtheta_max": 0.16,
    "k_nu": 0.0,
    "k_nu_ed": 0.23793256694747458,
    "k_ctrl": 0.1662140733670669,
    "k_ctrl_e": 0.6287872101535096,
    "lyap_const": 0.0,
    "no_soften_when_clamped": false,
    "R_esc": 10.0,
    "r_collide": 0.001,
    "r_bin": 0.5,
    "bin_hold": 1.0,
    "adaptive_step": true,
    "adapt_r_trigger": 0.02,
    "adapt_factor": 0.3,
    "min_max_step": 0.0002,
    "chunk": 0.5,
    "lyap_light": true,
    "lyap_light_dt": 0.01,
    "lyap_light_renorm": 50,
    "lyap_spectrum": false,
    "lyap_k": 3,
    "compare": false,
    "nu_scan": [],
    "drift_threshold": 0.05
  },
  "E0": -2.03375,
  "lyap_top": 0.7505171770988928,
  "lyap_spectrum": null,
  "lyap_score": 0.7505171770988928,
  "outputs": {
    "csv": "runs/auto_1510/auto_beta0.575_tau0.753_d0.160_thmin0.963_kc0.166_ke0.629_knued0.238_20250906-151523_56104_7654/data/threebody3d_exp2_a1.0_dtg1.csv",
    "csv_diagnostics": "runs/auto_1510/auto_beta0.575_tau0.753_d0.160_thmin0.963_kc0.166_ke0.629_knued0.238_20250906-151523_56104_7654/data/diagnostics_exp2_a1.0_dtg1.csv",
    "fig3d": null,
    "fig_xy": null,
    "drift": null,
    "theta": null,
    "distances": null
  },
  "events": {
    "escaped": false,
    "t_escape": null,
    "collided": true,
    "t_collision": 29.912843773313092
  },
  "binary": {
    "flag": false,
    "r_bin": 0.5,
    "hold": 1.0
  },
  "end_state": {
    "rmin": 0.001000000000019361,
    "drift": -0.008408890668335783,
    "theta": 0.5631768348315116,
    "planar": false,
    "zmax": 1.6104541924403581,
    "fig8_phase": 1.422274784677692,
    "theta_activity": 0.014560772172282946
  },
  "provenance": {
    "python": "3.9.12 (main, Apr  5 2022, 01:52:34) \n[Clang 12.0.0 ]",
    "platform": "macOS-15.6.1-arm64-arm-64bit",
    "numpy": "1.23.3",
    "pandas": "1.4.4",
    "cmd": "three_body_3d_ns_dtg_v3_3_stable.py --ic exp2 --alpha 1.0 --tmax 30.0 --dt 0.002 --dtg 1 --alpha_dtg 0.6 --beta_dtg 0.5753072326402774 --tau_theta 0.7530991581517268 --dtheta_max 0.16 --theta_min 0.9631497451323607 --theta_max 2.0 --k_ctrl 0.1662140733670669 --k_ctrl_e 0.6287872101535096 --k_nu 0.0 --k_nu_ed 0.23793256694747458 --nu0 0.002 --nu_max 0.2 --out runs/auto_1510/auto_beta0.575_tau0.753_d0.160_thmin0.963_kc0.166_ke0.629_knued0.238_20250906-151523_56104_7654 --no_plots --lyap_light --adaptive_step --adapt_r_trigger 0.02 --adapt_factor 0.3 --min_max_step 0.0002",
    "scipy": "1.12.0"
  }
}