{
  "timestamp": "2025-09-04 20:42:44",
  "args": {
    "ic": "exp2",
    "alpha": 1.0,
    "tmax": 20.0,
    "dt": 0.002,
    "out": "runs/auto/auto_beta0.468_tau0.764_d0.113_thmin0.947_kc0.232_ke0.573_knued0.282_20250904-204232",
    "elev": 20.0,
    "azim": -60.0,
    "eps": 1e-08,
    "G": 1.0,
    "seed": 0,
    "zero_init": false,
    "no_plots": true,
    "nu0": 0.002,
    "nu_max": 0.2,
    "turb": 0.0,
    "dtg": 1,
    "theta0": 1.0,
    "alpha_dtg": 0.6,
    "beta_dtg": 0.4683565357842442,
    "b_dtg": 0.0,
    "tau_theta": 0.7643785635496796,
    "theta_min": 0.9468730499498409,
    "theta_max": 2.0,
    "dtheta_max": 0.11256527638656331,
    "k_nu": 0.0,
    "k_nu_ed": 0.2816259589959541,
    "k_ctrl": 0.23244112587015903,
    "k_ctrl_e": 0.573321598977733,
    "lyap_const": 0.0,
    "no_soften_when_clamped": false,
    "R_esc": 10.0,
    "r_collide": 0.001,
    "r_bin": 0.5,
    "bin_hold": 1.0,
    "adaptive_step": false,
    "adapt_r_trigger": 0.02,
    "adapt_factor": 0.3,
    "min_max_step": 0.0002,
    "chunk": 0.5,
    "lyap_light": false,
    "lyap_light_dt": 0.01,
    "lyap_light_renorm": 50,
    "lyap_spectrum": false,
    "lyap_k": 3,
    "compare": false,
    "nu_scan": [],
    "drift_threshold": 0.05
  },
  "E0": -2.03375,
  "lyap_top": null,
  "lyap_spectrum": null,
  "lyap_score": 0.0,
  "outputs": {
    "csv": "runs/auto/auto_beta0.468_tau0.764_d0.113_thmin0.947_kc0.232_ke0.573_knued0.282_20250904-204232/data/threebody3d_exp2_a1.0_dtg1.csv",
    "csv_diagnostics": "runs/auto/auto_beta0.468_tau0.764_d0.113_thmin0.947_kc0.232_ke0.573_knued0.282_20250904-204232/data/diagnostics_exp2_a1.0_dtg1.csv",
    "fig3d": null,
    "fig_xy": null,
    "drift": null,
    "theta": null,
    "distances": null
  },
  "events": {
    "escaped": false,
    "t_escape": null,
    "collided": false,
    "t_collision": null
  },
  "binary": {
    "flag": false,
    "r_bin": 0.5,
    "hold": 1.0
  },
  "end_state": {
    "rmin": 0.545933771387285,
    "drift": -0.007103200048610092,
    "theta": 0.995738251668659,
    "planar": false,
    "zmax": 1.4402858006498915,
    "fig8_phase": 1.4994394114239382,
    "theta_activity": 0.00021308741656704823
  },
  "provenance": {
    "python": "3.9.12 (main, Apr  5 2022, 01:52:34) \n[Clang 12.0.0 ]",
    "platform": "macOS-15.6.1-arm64-arm-64bit",
    "numpy": "1.23.3",
    "pandas": "1.4.4",
    "cmd": "three_body_3d_ns_dtg_v3_3_stable.py --ic exp2 --alpha 1.0 --tmax 20.0 --dt 0.002 --dtg 1 --alpha_dtg 0.6 --beta_dtg 0.4683565357842442 --tau_theta 0.7643785635496796 --dtheta_max 0.11256527638656331 --theta_min 0.9468730499498409 --theta_max 2.0 --k_ctrl 0.23244112587015903 --k_ctrl_e 0.573321598977733 --k_nu 0.0 --k_nu_ed 0.2816259589959541 --nu0 0.002 --nu_max 0.2 --out runs/auto/auto_beta0.468_tau0.764_d0.113_thmin0.947_kc0.232_ke0.573_knued0.282_20250904-204232 --no_plots",
    "scipy": "1.12.0"
  }
}