{
  "timestamp": "2025-09-06 08:36:33",
  "args": {
    "ic": "exp2",
    "alpha": 1.0,
    "tmax": 45.0,
    "dt": 0.002,
    "out": "runs/auto/auto_beta0.550_tau0.743_d0.153_thmin0.970_kc0.195_ke0.556_knued0.241_20250906-083613_38788_5776",
    "elev": 20.0,
    "azim": -60.0,
    "eps": 1e-08,
    "G": 1.0,
    "seed": 0,
    "zero_init": false,
    "no_plots": true,
    "nu0": 0.002,
    "nu_max": 0.2,
    "turb": 0.0,
    "dtg": 1,
    "theta0": 1.0,
    "alpha_dtg": 0.6,
    "beta_dtg": 0.5502930565251491,
    "b_dtg": 0.0,
    "tau_theta": 0.7429215044241051,
    "theta_min": 0.9696414855869413,
    "theta_max": 2.0,
    "dtheta_max": 0.15301022714758564,
    "k_nu": 0.0,
    "k_nu_ed": 0.24134553171572584,
    "k_ctrl": 0.19476671871729492,
    "k_ctrl_e": 0.5555797979464021,
    "lyap_const": 0.0,
    "no_soften_when_clamped": false,
    "R_esc": 10.0,
    "r_collide": 0.001,
    "r_bin": 0.5,
    "bin_hold": 1.0,
    "adaptive_step": true,
    "adapt_r_trigger": 0.02,
    "adapt_factor": 0.3,
    "min_max_step": 0.0002,
    "chunk": 0.5,
    "lyap_light": true,
    "lyap_light_dt": 0.01,
    "lyap_light_renorm": 50,
    "lyap_spectrum": false,
    "lyap_k": 3,
    "compare": false,
    "nu_scan": [],
    "drift_threshold": 0.05
  },
  "E0": -2.03375,
  "lyap_top": 0.7004919281109796,
  "lyap_spectrum": null,
  "lyap_score": 0.7004919281109796,
  "outputs": {
    "csv": "runs/auto/auto_beta0.550_tau0.743_d0.153_thmin0.970_kc0.195_ke0.556_knued0.241_20250906-083613_38788_5776/data/threebody3d_exp2_a1.0_dtg1.csv",
    "csv_diagnostics": "runs/auto/auto_beta0.550_tau0.743_d0.153_thmin0.970_kc0.195_ke0.556_knued0.241_20250906-083613_38788_5776/data/diagnostics_exp2_a1.0_dtg1.csv",
    "fig3d": null,
    "fig_xy": null,
    "drift": null,
    "theta": null,
    "distances": null
  },
  "events": {
    "escaped": false,
    "t_escape": null,
    "collided": true,
    "t_collision": 30.002578305874184
  },
  "binary": {
    "flag": true,
    "r_bin": 0.5,
    "hold": 1.0
  },
  "end_state": {
    "rmin": 0.0009999999999028687,
    "drift": -0.008289984658038574,
    "theta": 0.609550222714426,
    "planar": false,
    "zmax": 1.6049759490452635,
    "fig8_phase": 0.9644195705410918,
    "theta_activity": 0.008676661717457198
  },
  "provenance": {
    "python": "3.9.12 (main, Apr  5 2022, 01:52:34) \n[Clang 12.0.0 ]",
    "platform": "macOS-15.6.1-arm64-arm-64bit",
    "numpy": "1.23.3",
    "pandas": "1.4.4",
    "cmd": "three_body_3d_ns_dtg_v3_3_stable.py --ic exp2 --alpha 1.0 --tmax 45.0 --dt 0.002 --dtg 1 --alpha_dtg 0.6 --beta_dtg 0.5502930565251491 --tau_theta 0.7429215044241051 --dtheta_max 0.15301022714758564 --theta_min 0.9696414855869413 --theta_max 2.0 --k_ctrl 0.19476671871729492 --k_ctrl_e 0.5555797979464021 --k_nu 0.0 --k_nu_ed 0.24134553171572584 --nu0 0.002 --nu_max 0.2 --out runs/auto/auto_beta0.550_tau0.743_d0.153_thmin0.970_kc0.195_ke0.556_knued0.241_20250906-083613_38788_5776 --no_plots --lyap_light --adaptive_step --adapt_r_trigger 0.02 --adapt_factor 0.3 --min_max_step 0.0002",
    "scipy": "1.12.0"
  }
}