{
  "timestamp": "2025-09-06 07:48:26",
  "args": {
    "ic": "exp2",
    "alpha": 1.0,
    "tmax": 30.0,
    "dt": 0.002,
    "out": "runs/auto/auto_beta0.300_tau1.246_d0.115_thmin0.940_kc0.150_ke0.535_knued0.257_20250906-074804_25810_4200",
    "elev": 20.0,
    "azim": -60.0,
    "eps": 1e-08,
    "G": 1.0,
    "seed": 0,
    "zero_init": false,
    "no_plots": true,
    "nu0": 0.002,
    "nu_max": 0.2,
    "turb": 0.0,
    "dtg": 1,
    "theta0": 1.0,
    "alpha_dtg": 0.6,
    "beta_dtg": 0.3,
    "b_dtg": 0.0,
    "tau_theta": 1.2457263020417604,
    "theta_min": 0.939823141798682,
    "theta_max": 2.0,
    "dtheta_max": 0.11527168370997218,
    "k_nu": 0.0,
    "k_nu_ed": 0.2573014083544928,
    "k_ctrl": 0.15,
    "k_ctrl_e": 0.5348044687648087,
    "lyap_const": 0.0,
    "no_soften_when_clamped": false,
    "R_esc": 10.0,
    "r_collide": 0.001,
    "r_bin": 0.5,
    "bin_hold": 1.0,
    "adaptive_step": false,
    "adapt_r_trigger": 0.02,
    "adapt_factor": 0.3,
    "min_max_step": 0.0002,
    "chunk": 0.5,
    "lyap_light": false,
    "lyap_light_dt": 0.01,
    "lyap_light_renorm": 50,
    "lyap_spectrum": false,
    "lyap_k": 3,
    "compare": false,
    "nu_scan": [],
    "drift_threshold": 0.05
  },
  "E0": -2.03375,
  "lyap_top": null,
  "lyap_spectrum": null,
  "lyap_score": 0.0,
  "outputs": {
    "csv": "runs/auto/auto_beta0.300_tau1.246_d0.115_thmin0.940_kc0.150_ke0.535_knued0.257_20250906-074804_25810_4200/data/threebody3d_exp2_a1.0_dtg1.csv",
    "csv_diagnostics": "runs/auto/auto_beta0.300_tau1.246_d0.115_thmin0.940_kc0.150_ke0.535_knued0.257_20250906-074804_25810_4200/data/diagnostics_exp2_a1.0_dtg1.csv",
    "fig3d": null,
    "fig_xy": null,
    "drift": null,
    "theta": null,
    "distances": null
  },
  "events": {
    "escaped": false,
    "t_escape": null,
    "collided": true,
    "t_collision": 29.8629565602396
  },
  "binary": {
    "flag": false,
    "r_bin": 0.5,
    "hold": 1.0
  },
  "end_state": {
    "rmin": 0.019847880497463742,
    "drift": -0.007777242066639599,
    "theta": 0.9953340517038314,
    "planar": false,
    "zmax": 1.5793970534842061,
    "fig8_phase": 1.3916657409070263,
    "theta_activity": 0.00015625036153534997
  },
  "provenance": {
    "python": "3.9.12 (main, Apr  5 2022, 01:52:34) \n[Clang 12.0.0 ]",
    "platform": "macOS-15.6.1-arm64-arm-64bit",
    "numpy": "1.23.3",
    "pandas": "1.4.4",
    "cmd": "three_body_3d_ns_dtg_v3_3_stable.py --ic exp2 --alpha 1.0 --tmax 30.0 --dt 0.002 --dtg 1 --alpha_dtg 0.6 --beta_dtg 0.3 --tau_theta 1.2457263020417604 --dtheta_max 0.11527168370997218 --theta_min 0.939823141798682 --theta_max 2.0 --k_ctrl 0.15 --k_ctrl_e 0.5348044687648087 --k_nu 0.0 --k_nu_ed 0.2573014083544928 --nu0 0.002 --nu_max 0.2 --out runs/auto/auto_beta0.300_tau1.246_d0.115_thmin0.940_kc0.150_ke0.535_knued0.257_20250906-074804_25810_4200 --no_plots",
    "scipy": "1.12.0"
  }
}