{
  "timestamp": "2025-09-06 15:45:09",
  "args": {
    "ic": "exp2",
    "alpha": 1.0,
    "tmax": 30.0,
    "dt": 0.002,
    "out": "runs/auto_1539/auto_beta0.492_tau0.932_d0.102_thmin0.951_kc0.237_ke0.516_knued0.235_20250906-154449_62017_7258",
    "elev": 20.0,
    "azim": -60.0,
    "eps": 1e-08,
    "G": 1.0,
    "seed": 0,
    "zero_init": false,
    "no_plots": true,
    "nu0": 0.002,
    "nu_max": 0.2,
    "turb": 0.0,
    "dtg": 1,
    "theta0": 1.0,
    "alpha_dtg": 0.6,
    "beta_dtg": 0.4924100545529891,
    "b_dtg": 0.0,
    "tau_theta": 0.9317224036385134,
    "theta_min": 0.9510594830419034,
    "theta_max": 2.0,
    "dtheta_max": 0.10244014861532867,
    "k_nu": 0.0,
    "k_nu_ed": 0.23507742469082143,
    "k_ctrl": 0.23655324820935397,
    "k_ctrl_e": 0.5161137356379746,
    "lyap_const": 0.0,
    "no_soften_when_clamped": false,
    "R_esc": 10.0,
    "r_collide": 0.001,
    "r_bin": 0.5,
    "bin_hold": 1.0,
    "adaptive_step": true,
    "adapt_r_trigger": 0.02,
    "adapt_factor": 0.3,
    "min_max_step": 0.0002,
    "chunk": 0.5,
    "lyap_light": true,
    "lyap_light_dt": 0.01,
    "lyap_light_renorm": 50,
    "lyap_spectrum": false,
    "lyap_k": 3,
    "compare": false,
    "nu_scan": [],
    "drift_threshold": 0.05
  },
  "E0": -2.03375,
  "lyap_top": 0.7505171770988928,
  "lyap_spectrum": null,
  "lyap_score": 0.7505171770988928,
  "outputs": {
    "csv": "runs/auto_1539/auto_beta0.492_tau0.932_d0.102_thmin0.951_kc0.237_ke0.516_knued0.235_20250906-154449_62017_7258/data/threebody3d_exp2_a1.0_dtg1.csv",
    "csv_diagnostics": "runs/auto_1539/auto_beta0.492_tau0.932_d0.102_thmin0.951_kc0.237_ke0.516_knued0.235_20250906-154449_62017_7258/data/diagnostics_exp2_a1.0_dtg1.csv",
    "fig3d": null,
    "fig_xy": null,
    "drift": null,
    "theta": null,
    "distances": null
  },
  "events": {
    "escaped": false,
    "t_escape": null,
    "collided": false,
    "t_collision": null
  },
  "binary": {
    "flag": false,
    "r_bin": 0.5,
    "hold": 1.0
  },
  "end_state": {
    "rmin": 0.3480057207910358,
    "drift": -0.008510934915691402,
    "theta": 0.6253313984781887,
    "planar": false,
    "zmax": 1.6151169295924306,
    "fig8_phase": 1.4174655084787806,
    "theta_activity": 0.012488953384060374
  },
  "provenance": {
    "python": "3.9.12 (main, Apr  5 2022, 01:52:34) \n[Clang 12.0.0 ]",
    "platform": "macOS-15.6.1-arm64-arm-64bit",
    "numpy": "1.23.3",
    "pandas": "1.4.4",
    "cmd": "three_body_3d_ns_dtg_v3_3_stable.py --ic exp2 --alpha 1.0 --tmax 30.0 --dt 0.002 --dtg 1 --alpha_dtg 0.6 --beta_dtg 0.4924100545529891 --tau_theta 0.9317224036385134 --dtheta_max 0.10244014861532867 --theta_min 0.9510594830419034 --theta_max 2.0 --k_ctrl 0.23655324820935397 --k_ctrl_e 0.5161137356379746 --k_nu 0.0 --k_nu_ed 0.23507742469082143 --nu0 0.002 --nu_max 0.2 --out runs/auto_1539/auto_beta0.492_tau0.932_d0.102_thmin0.951_kc0.237_ke0.516_knued0.235_20250906-154449_62017_7258 --no_plots --lyap_light --adaptive_step --adapt_r_trigger 0.02 --adapt_factor 0.3 --min_max_step 0.0002",
    "scipy": "1.12.0"
  }
}