{
  "timestamp": "2025-09-06 08:09:31",
  "args": {
    "ic": "exp2",
    "alpha": 1.0,
    "tmax": 45.0,
    "dt": 0.002,
    "out": "runs/auto/auto_beta0.625_tau1.036_d0.098_thmin0.947_kc0.271_ke0.303_knued0.271_20250906-080907_30048_6526",
    "elev": 20.0,
    "azim": -60.0,
    "eps": 1e-08,
    "G": 1.0,
    "seed": 0,
    "zero_init": false,
    "no_plots": true,
    "nu0": 0.002,
    "nu_max": 0.2,
    "turb": 0.0,
    "dtg": 1,
    "theta0": 1.0,
    "alpha_dtg": 0.6,
    "beta_dtg": 0.6249422188897615,
    "b_dtg": 0.0,
    "tau_theta": 1.0359531844825733,
    "theta_min": 0.9471412547100727,
    "theta_max": 2.0,
    "dtheta_max": 0.09763524976325574,
    "k_nu": 0.0,
    "k_nu_ed": 0.2708728877749212,
    "k_ctrl": 0.271414568501674,
    "k_ctrl_e": 0.3025995038712244,
    "lyap_const": 0.0,
    "no_soften_when_clamped": false,
    "R_esc": 10.0,
    "r_collide": 0.001,
    "r_bin": 0.5,
    "bin_hold": 1.0,
    "adaptive_step": false,
    "adapt_r_trigger": 0.02,
    "adapt_factor": 0.3,
    "min_max_step": 0.0002,
    "chunk": 0.5,
    "lyap_light": false,
    "lyap_light_dt": 0.01,
    "lyap_light_renorm": 50,
    "lyap_spectrum": false,
    "lyap_k": 3,
    "compare": false,
    "nu_scan": [],
    "drift_threshold": 0.05
  },
  "E0": -2.03375,
  "lyap_top": null,
  "lyap_spectrum": null,
  "lyap_score": 0.0,
  "outputs": {
    "csv": "runs/auto/auto_beta0.625_tau1.036_d0.098_thmin0.947_kc0.271_ke0.303_knued0.271_20250906-080907_30048_6526/data/threebody3d_exp2_a1.0_dtg1.csv",
    "csv_diagnostics": "runs/auto/auto_beta0.625_tau1.036_d0.098_thmin0.947_kc0.271_ke0.303_knued0.271_20250906-080907_30048_6526/data/diagnostics_exp2_a1.0_dtg1.csv",
    "fig3d": null,
    "fig_xy": null,
    "drift": null,
    "theta": null,
    "distances": null
  },
  "events": {
    "escaped": false,
    "t_escape": null,
    "collided": true,
    "t_collision": 37.98170865475242
  },
  "binary": {
    "flag": false,
    "r_bin": 0.5,
    "hold": 1.0
  },
  "end_state": {
    "rmin": 0.029100613964006674,
    "drift": -0.007387727901553659,
    "theta": 0.995567364583322,
    "planar": false,
    "zmax": 1.9430267178809717,
    "fig8_phase": 1.3943868870812444,
    "theta_activity": 0.00011670972702639038
  },
  "provenance": {
    "python": "3.9.12 (main, Apr  5 2022, 01:52:34) \n[Clang 12.0.0 ]",
    "platform": "macOS-15.6.1-arm64-arm-64bit",
    "numpy": "1.23.3",
    "pandas": "1.4.4",
    "cmd": "three_body_3d_ns_dtg_v3_3_stable.py --ic exp2 --alpha 1.0 --tmax 45.0 --dt 0.002 --dtg 1 --alpha_dtg 0.6 --beta_dtg 0.6249422188897615 --tau_theta 1.0359531844825733 --dtheta_max 0.09763524976325574 --theta_min 0.9471412547100727 --theta_max 2.0 --k_ctrl 0.271414568501674 --k_ctrl_e 0.3025995038712244 --k_nu 0.0 --k_nu_ed 0.2708728877749212 --nu0 0.002 --nu_max 0.2 --out runs/auto/auto_beta0.625_tau1.036_d0.098_thmin0.947_kc0.271_ke0.303_knued0.271_20250906-080907_30048_6526 --no_plots",
    "scipy": "1.12.0"
  }
}