{
  "timestamp": "2025-09-06 15:30:54",
  "args": {
    "ic": "exp2",
    "alpha": 1.0,
    "tmax": 30.0,
    "dt": 0.002,
    "out": "runs/auto_1510/auto_beta0.740_tau0.759_d0.080_thmin0.912_kc0.272_ke0.591_knued0.248_20250906-153033_59746_4172",
    "elev": 20.0,
    "azim": -60.0,
    "eps": 1e-08,
    "G": 1.0,
    "seed": 0,
    "zero_init": false,
    "no_plots": true,
    "nu0": 0.002,
    "nu_max": 0.2,
    "turb": 0.0,
    "dtg": 1,
    "theta0": 1.0,
    "alpha_dtg": 0.6,
    "beta_dtg": 0.7403739105812994,
    "b_dtg": 0.0,
    "tau_theta": 0.7588559068505135,
    "theta_min": 0.9120945459882803,
    "theta_max": 2.0,
    "dtheta_max": 0.08,
    "k_nu": 0.0,
    "k_nu_ed": 0.2484895546091408,
    "k_ctrl": 0.27231276666687415,
    "k_ctrl_e": 0.5906305599972035,
    "lyap_const": 0.0,
    "no_soften_when_clamped": false,
    "R_esc": 10.0,
    "r_collide": 0.001,
    "r_bin": 0.5,
    "bin_hold": 1.0,
    "adaptive_step": true,
    "adapt_r_trigger": 0.02,
    "adapt_factor": 0.3,
    "min_max_step": 0.0002,
    "chunk": 0.5,
    "lyap_light": true,
    "lyap_light_dt": 0.01,
    "lyap_light_renorm": 50,
    "lyap_spectrum": false,
    "lyap_k": 3,
    "compare": false,
    "nu_scan": [],
    "drift_threshold": 0.05
  },
  "E0": -2.03375,
  "lyap_top": 0.7505171770988928,
  "lyap_spectrum": null,
  "lyap_score": 0.7505171770988928,
  "outputs": {
    "csv": "runs/auto_1510/auto_beta0.740_tau0.759_d0.080_thmin0.912_kc0.272_ke0.591_knued0.248_20250906-153033_59746_4172/data/threebody3d_exp2_a1.0_dtg1.csv",
    "csv_diagnostics": "runs/auto_1510/auto_beta0.740_tau0.759_d0.080_thmin0.912_kc0.272_ke0.591_knued0.248_20250906-153033_59746_4172/data/diagnostics_exp2_a1.0_dtg1.csv",
    "fig3d": null,
    "fig_xy": null,
    "drift": null,
    "theta": null,
    "distances": null
  },
  "events": {
    "escaped": false,
    "t_escape": null,
    "collided": false,
    "t_collision": null
  },
  "binary": {
    "flag": false,
    "r_bin": 0.5,
    "hold": 1.0
  },
  "end_state": {
    "rmin": 0.6522248555667517,
    "drift": -0.008051955058878513,
    "theta": 0.43950553761569694,
    "planar": false,
    "zmax": 1.6174851818060683,
    "fig8_phase": 1.3911232263120636,
    "theta_activity": 0.018683148746143435
  },
  "provenance": {
    "python": "3.9.12 (main, Apr  5 2022, 01:52:34) \n[Clang 12.0.0 ]",
    "platform": "macOS-15.6.1-arm64-arm-64bit",
    "numpy": "1.23.3",
    "pandas": "1.4.4",
    "cmd": "three_body_3d_ns_dtg_v3_3_stable.py --ic exp2 --alpha 1.0 --tmax 30.0 --dt 0.002 --dtg 1 --alpha_dtg 0.6 --beta_dtg 0.7403739105812994 --tau_theta 0.7588559068505135 --dtheta_max 0.08 --theta_min 0.9120945459882803 --theta_max 2.0 --k_ctrl 0.27231276666687415 --k_ctrl_e 0.5906305599972035 --k_nu 0.0 --k_nu_ed 0.2484895546091408 --nu0 0.002 --nu_max 0.2 --out runs/auto_1510/auto_beta0.740_tau0.759_d0.080_thmin0.912_kc0.272_ke0.591_knued0.248_20250906-153033_59746_4172 --no_plots --lyap_light --adaptive_step --adapt_r_trigger 0.02 --adapt_factor 0.3 --min_max_step 0.0002",
    "scipy": "1.12.0"
  }
}