{
  "timestamp": "2025-09-04 22:17:40",
  "args": {
    "ic": "exp2",
    "alpha": 1.0,
    "tmax": 20.0,
    "dt": 0.002,
    "out": "runs/auto/auto_beta0.758_tau0.951_d0.148_thmin0.917_kc0.283_ke0.349_knued0.288_20250904-221729",
    "elev": 20.0,
    "azim": -60.0,
    "eps": 1e-08,
    "G": 1.0,
    "seed": 0,
    "zero_init": false,
    "no_plots": true,
    "nu0": 0.002,
    "nu_max": 0.2,
    "turb": 0.0,
    "dtg": 1,
    "theta0": 1.0,
    "alpha_dtg": 0.6,
    "beta_dtg": 0.7581757156155696,
    "b_dtg": 0.0,
    "tau_theta": 0.950824488846434,
    "theta_min": 0.916896001094527,
    "theta_max": 2.0,
    "dtheta_max": 0.14787431709069698,
    "k_nu": 0.0,
    "k_nu_ed": 0.28752665888422085,
    "k_ctrl": 0.28327435078068336,
    "k_ctrl_e": 0.3493827387675066,
    "lyap_const": 0.0,
    "no_soften_when_clamped": false,
    "R_esc": 10.0,
    "r_collide": 0.001,
    "r_bin": 0.5,
    "bin_hold": 1.0,
    "adaptive_step": false,
    "adapt_r_trigger": 0.02,
    "adapt_factor": 0.3,
    "min_max_step": 0.0002,
    "chunk": 0.5,
    "lyap_light": false,
    "lyap_light_dt": 0.01,
    "lyap_light_renorm": 50,
    "lyap_spectrum": false,
    "lyap_k": 3,
    "compare": false,
    "nu_scan": [],
    "drift_threshold": 0.05
  },
  "E0": -2.03375,
  "lyap_top": null,
  "lyap_spectrum": null,
  "lyap_score": 0.0,
  "outputs": {
    "csv": "runs/auto/auto_beta0.758_tau0.951_d0.148_thmin0.917_kc0.283_ke0.349_knued0.288_20250904-221729/data/threebody3d_exp2_a1.0_dtg1.csv",
    "csv_diagnostics": "runs/auto/auto_beta0.758_tau0.951_d0.148_thmin0.917_kc0.283_ke0.349_knued0.288_20250904-221729/data/diagnostics_exp2_a1.0_dtg1.csv",
    "fig3d": null,
    "fig_xy": null,
    "drift": null,
    "theta": null,
    "distances": null
  },
  "events": {
    "escaped": false,
    "t_escape": null,
    "collided": false,
    "t_collision": null
  },
  "binary": {
    "flag": false,
    "r_bin": 0.5,
    "hold": 1.0
  },
  "end_state": {
    "rmin": 0.537943852114465,
    "drift": -0.006957518383065445,
    "theta": 0.9958256960205889,
    "planar": false,
    "zmax": 1.4338313323879028,
    "fig8_phase": 1.4978973896861165,
    "theta_activity": 0.0002087151989705549
  },
  "provenance": {
    "python": "3.9.12 (main, Apr  5 2022, 01:52:34) \n[Clang 12.0.0 ]",
    "platform": "macOS-15.6.1-arm64-arm-64bit",
    "numpy": "1.23.3",
    "pandas": "1.4.4",
    "cmd": "three_body_3d_ns_dtg_v3_3_stable.py --ic exp2 --alpha 1.0 --tmax 20.0 --dt 0.002 --dtg 1 --alpha_dtg 0.6 --beta_dtg 0.7581757156155696 --tau_theta 0.950824488846434 --dtheta_max 0.14787431709069698 --theta_min 0.916896001094527 --theta_max 2.0 --k_ctrl 0.28327435078068336 --k_ctrl_e 0.3493827387675066 --k_nu 0.0 --k_nu_ed 0.28752665888422085 --nu0 0.002 --nu_max 0.2 --out runs/auto/auto_beta0.758_tau0.951_d0.148_thmin0.917_kc0.283_ke0.349_knued0.288_20250904-221729 --no_plots",
    "scipy": "1.12.0"
  }
}