{
  "timestamp": "2025-09-06 08:15:55",
  "args": {
    "ic": "exp2",
    "alpha": 1.0,
    "tmax": 45.0,
    "dt": 0.002,
    "out": "runs/auto/auto_beta0.642_tau0.776_d0.116_thmin0.943_kc0.254_ke0.300_knued0.282_20250906-081522_30462_8175",
    "elev": 20.0,
    "azim": -60.0,
    "eps": 1e-08,
    "G": 1.0,
    "seed": 0,
    "zero_init": false,
    "no_plots": true,
    "nu0": 0.002,
    "nu_max": 0.2,
    "turb": 0.0,
    "dtg": 1,
    "theta0": 1.0,
    "alpha_dtg": 0.6,
    "beta_dtg": 0.6416521705320325,
    "b_dtg": 0.0,
    "tau_theta": 0.7755579800924723,
    "theta_min": 0.9434719602942152,
    "theta_max": 2.0,
    "dtheta_max": 0.1159545177632259,
    "k_nu": 0.0,
    "k_nu_ed": 0.2822223163166215,
    "k_ctrl": 0.2537519741576103,
    "k_ctrl_e": 0.3,
    "lyap_const": 0.0,
    "no_soften_when_clamped": false,
    "R_esc": 10.0,
    "r_collide": 0.001,
    "r_bin": 0.5,
    "bin_hold": 1.0,
    "adaptive_step": false,
    "adapt_r_trigger": 0.02,
    "adapt_factor": 0.3,
    "min_max_step": 0.0002,
    "chunk": 0.5,
    "lyap_light": false,
    "lyap_light_dt": 0.01,
    "lyap_light_renorm": 50,
    "lyap_spectrum": false,
    "lyap_k": 3,
    "compare": false,
    "nu_scan": [],
    "drift_threshold": 0.05
  },
  "E0": -2.03375,
  "lyap_top": null,
  "lyap_spectrum": null,
  "lyap_score": 0.0,
  "outputs": {
    "csv": "runs/auto/auto_beta0.642_tau0.776_d0.116_thmin0.943_kc0.254_ke0.300_knued0.282_20250906-081522_30462_8175/data/threebody3d_exp2_a1.0_dtg1.csv",
    "csv_diagnostics": "runs/auto/auto_beta0.642_tau0.776_d0.116_thmin0.943_kc0.254_ke0.300_knued0.282_20250906-081522_30462_8175/data/diagnostics_exp2_a1.0_dtg1.csv",
    "fig3d": null,
    "fig_xy": null,
    "drift": null,
    "theta": null,
    "distances": null
  },
  "events": {
    "escaped": false,
    "t_escape": null,
    "collided": false,
    "t_collision": null
  },
  "binary": {
    "flag": true,
    "r_bin": 0.5,
    "hold": 1.0
  },
  "end_state": {
    "rmin": 0.18154991322248576,
    "drift": -0.007093731667003968,
    "theta": 0.9957438912725433,
    "planar": false,
    "zmax": 3.0639270529747438,
    "fig8_phase": 1.7797182310076778,
    "theta_activity": 9.458019951419249e-05
  },
  "provenance": {
    "python": "3.9.12 (main, Apr  5 2022, 01:52:34) \n[Clang 12.0.0 ]",
    "platform": "macOS-15.6.1-arm64-arm-64bit",
    "numpy": "1.23.3",
    "pandas": "1.4.4",
    "cmd": "three_body_3d_ns_dtg_v3_3_stable.py --ic exp2 --alpha 1.0 --tmax 45.0 --dt 0.002 --dtg 1 --alpha_dtg 0.6 --beta_dtg 0.6416521705320325 --tau_theta 0.7755579800924723 --dtheta_max 0.1159545177632259 --theta_min 0.9434719602942152 --theta_max 2.0 --k_ctrl 0.2537519741576103 --k_ctrl_e 0.3 --k_nu 0.0 --k_nu_ed 0.2822223163166215 --nu0 0.002 --nu_max 0.2 --out runs/auto/auto_beta0.642_tau0.776_d0.116_thmin0.943_kc0.254_ke0.300_knued0.282_20250906-081522_30462_8175 --no_plots",
    "scipy": "1.12.0"
  }
}