{
  "timestamp": "2025-09-06 15:17:40",
  "args": {
    "ic": "exp2",
    "alpha": 1.0,
    "tmax": 120.0,
    "dt": 0.002,
    "out": "runs/auto_1510/auto_beta0.607_tau0.600_d0.160_thmin0.963_kc0.195_ke0.593_knued0.253_20250906-151653_57301_5583",
    "elev": 20.0,
    "azim": -60.0,
    "eps": 1e-08,
    "G": 1.0,
    "seed": 0,
    "zero_init": false,
    "no_plots": false,
    "nu0": 0.002,
    "nu_max": 0.2,
    "turb": 0.0,
    "dtg": 1,
    "theta0": 1.0,
    "alpha_dtg": 0.6,
    "beta_dtg": 0.6070304228002155,
    "b_dtg": 0.0,
    "tau_theta": 0.6,
    "theta_min": 0.9631228964847012,
    "theta_max": 2.0,
    "dtheta_max": 0.16,
    "k_nu": 0.0,
    "k_nu_ed": 0.25306151173507213,
    "k_ctrl": 0.19480800519178398,
    "k_ctrl_e": 0.5928409812195368,
    "lyap_const": 0.0,
    "no_soften_when_clamped": false,
    "R_esc": 10.0,
    "r_collide": 0.001,
    "r_bin": 0.5,
    "bin_hold": 1.0,
    "adaptive_step": true,
    "adapt_r_trigger": 0.02,
    "adapt_factor": 0.3,
    "min_max_step": 0.0002,
    "chunk": 0.5,
    "lyap_light": true,
    "lyap_light_dt": 0.01,
    "lyap_light_renorm": 50,
    "lyap_spectrum": false,
    "lyap_k": 3,
    "compare": false,
    "nu_scan": [],
    "drift_threshold": 0.05
  },
  "E0": -2.03375,
  "lyap_top": 0.519677854684271,
  "lyap_spectrum": null,
  "lyap_score": 0.519677854684271,
  "outputs": {
    "csv": "runs/auto_1510/auto_beta0.607_tau0.600_d0.160_thmin0.963_kc0.195_ke0.593_knued0.253_20250906-151653_57301_5583/data/threebody3d_exp2_a1.0_dtg1.csv",
    "csv_diagnostics": "runs/auto_1510/auto_beta0.607_tau0.600_d0.160_thmin0.963_kc0.195_ke0.593_knued0.253_20250906-151653_57301_5583/data/diagnostics_exp2_a1.0_dtg1.csv",
    "fig3d": "runs/auto_1510/auto_beta0.607_tau0.600_d0.160_thmin0.963_kc0.195_ke0.593_knued0.253_20250906-151653_57301_5583/figures/threebody3d_exp2_a1.0_dtg1.png",
    "fig_xy": "runs/auto_1510/auto_beta0.607_tau0.600_d0.160_thmin0.963_kc0.195_ke0.593_knued0.253_20250906-151653_57301_5583/figures/xy_exp2_a1.0_dtg1.png",
    "drift": "runs/auto_1510/auto_beta0.607_tau0.600_d0.160_thmin0.963_kc0.195_ke0.593_knued0.253_20250906-151653_57301_5583/figures/energy_drift_exp2_a1.0_dtg1.png",
    "theta": "runs/auto_1510/auto_beta0.607_tau0.600_d0.160_thmin0.963_kc0.195_ke0.593_knued0.253_20250906-151653_57301_5583/figures/theta_exp2_a1.0_dtg1.png",
    "distances": "runs/auto_1510/auto_beta0.607_tau0.600_d0.160_thmin0.963_kc0.195_ke0.593_knued0.253_20250906-151653_57301_5583/figures/distances_exp2_a1.0_dtg1.png"
  },
  "events": {
    "escaped": false,
    "t_escape": null,
    "collided": true,
    "t_collision": 70.33183761558058
  },
  "binary": {
    "flag": true,
    "r_bin": 0.5,
    "hold": 1.0
  },
  "end_state": {
    "rmin": 0.0009999999996596664,
    "drift": -0.007911160215263214,
    "theta": 0.6797930874736899,
    "planar": false,
    "zmax": 3.6025018500510453,
    "fig8_phase": 0.9408459018418716,
    "theta_activity": 0.002668390938117872
  },
  "provenance": {
    "python": "3.9.12 (main, Apr  5 2022, 01:52:34) \n[Clang 12.0.0 ]",
    "platform": "macOS-15.6.1-arm64-arm-64bit",
    "numpy": "1.23.3",
    "pandas": "1.4.4",
    "cmd": "three_body_3d_ns_dtg_v3_3_stable.py --ic exp2 --alpha 1.0 --tmax 120.0 --dt 0.002 --dtg 1 --alpha_dtg 0.6 --beta_dtg 0.6070304228002155 --tau_theta 0.6 --dtheta_max 0.16 --theta_min 0.9631228964847012 --theta_max 2.0 --k_ctrl 0.19480800519178398 --k_ctrl_e 0.5928409812195368 --k_nu 0.0 --k_nu_ed 0.25306151173507213 --nu0 0.002 --nu_max 0.2 --out runs/auto_1510/auto_beta0.607_tau0.600_d0.160_thmin0.963_kc0.195_ke0.593_knued0.253_20250906-151653_57301_5583 --lyap_light --adaptive_step --adapt_r_trigger 0.02 --adapt_factor 0.3 --min_max_step 0.0002",
    "scipy": "1.12.0"
  }
}