{
  "timestamp": "2025-09-04 20:56:38",
  "args": {
    "ic": "exp2",
    "alpha": 1.0,
    "tmax": 60.0,
    "dt": 0.002,
    "out": "runs/auto/auto_beta0.620_tau0.620_d0.102_thmin0.918_kc0.260_ke0.571_knued0.284_20250904-205610",
    "elev": 20.0,
    "azim": -60.0,
    "eps": 1e-08,
    "G": 1.0,
    "seed": 0,
    "zero_init": false,
    "no_plots": false,
    "nu0": 0.002,
    "nu_max": 0.2,
    "turb": 0.0,
    "dtg": 1,
    "theta0": 1.0,
    "alpha_dtg": 0.6,
    "beta_dtg": 0.6197133992289419,
    "b_dtg": 0.0,
    "tau_theta": 0.6200086041781335,
    "theta_min": 0.9178568590519058,
    "theta_max": 2.0,
    "dtheta_max": 0.10200234546952955,
    "k_nu": 0.0,
    "k_nu_ed": 0.28382693515572677,
    "k_ctrl": 0.26047068212460184,
    "k_ctrl_e": 0.5706797949691644,
    "lyap_const": 0.0,
    "no_soften_when_clamped": false,
    "R_esc": 10.0,
    "r_collide": 0.001,
    "r_bin": 0.5,
    "bin_hold": 1.0,
    "adaptive_step": true,
    "adapt_r_trigger": 0.02,
    "adapt_factor": 0.3,
    "min_max_step": 0.0002,
    "chunk": 0.5,
    "lyap_light": true,
    "lyap_light_dt": 0.01,
    "lyap_light_renorm": 50,
    "lyap_spectrum": false,
    "lyap_k": 3,
    "compare": false,
    "nu_scan": [],
    "drift_threshold": 0.05
  },
  "E0": -2.03375,
  "lyap_top": 0.7951286391393368,
  "lyap_spectrum": null,
  "lyap_score": 0.7951286391393368,
  "outputs": {
    "csv": "runs/auto/auto_beta0.620_tau0.620_d0.102_thmin0.918_kc0.260_ke0.571_knued0.284_20250904-205610/data/threebody3d_exp2_a1.0_dtg1.csv",
    "csv_diagnostics": "runs/auto/auto_beta0.620_tau0.620_d0.102_thmin0.918_kc0.260_ke0.571_knued0.284_20250904-205610/data/diagnostics_exp2_a1.0_dtg1.csv",
    "fig3d": "runs/auto/auto_beta0.620_tau0.620_d0.102_thmin0.918_kc0.260_ke0.571_knued0.284_20250904-205610/figures/threebody3d_exp2_a1.0_dtg1.png",
    "fig_xy": "runs/auto/auto_beta0.620_tau0.620_d0.102_thmin0.918_kc0.260_ke0.571_knued0.284_20250904-205610/figures/xy_exp2_a1.0_dtg1.png",
    "drift": "runs/auto/auto_beta0.620_tau0.620_d0.102_thmin0.918_kc0.260_ke0.571_knued0.284_20250904-205610/figures/energy_drift_exp2_a1.0_dtg1.png",
    "theta": "runs/auto/auto_beta0.620_tau0.620_d0.102_thmin0.918_kc0.260_ke0.571_knued0.284_20250904-205610/figures/theta_exp2_a1.0_dtg1.png",
    "distances": "runs/auto/auto_beta0.620_tau0.620_d0.102_thmin0.918_kc0.260_ke0.571_knued0.284_20250904-205610/figures/distances_exp2_a1.0_dtg1.png"
  },
  "events": {
    "escaped": false,
    "t_escape": null,
    "collided": false,
    "t_collision": null
  },
  "binary": {
    "flag": true,
    "r_bin": 0.5,
    "hold": 1.0
  },
  "end_state": {
    "rmin": 0.2225006399653568,
    "drift": -0.007050551286764761,
    "theta": 0.5030177974426079,
    "planar": false,
    "zmax": 3.4776306086241693,
    "fig8_phase": 1.3306773118990074,
    "theta_activity": 0.00828303670929275
  },
  "provenance": {
    "python": "3.9.12 (main, Apr  5 2022, 01:52:34) \n[Clang 12.0.0 ]",
    "platform": "macOS-15.6.1-arm64-arm-64bit",
    "numpy": "1.23.3",
    "pandas": "1.4.4",
    "cmd": "three_body_3d_ns_dtg_v3_3_stable.py --ic exp2 --alpha 1.0 --tmax 60.0 --dt 0.002 --dtg 1 --alpha_dtg 0.6 --beta_dtg 0.6197133992289419 --tau_theta 0.6200086041781335 --dtheta_max 0.10200234546952955 --theta_min 0.9178568590519058 --theta_max 2.0 --k_ctrl 0.26047068212460184 --k_ctrl_e 0.5706797949691644 --k_nu 0.0 --k_nu_ed 0.28382693515572677 --nu0 0.002 --nu_max 0.2 --out runs/auto/auto_beta0.620_tau0.620_d0.102_thmin0.918_kc0.260_ke0.571_knued0.284_20250904-205610 --lyap_light --adaptive_step --adapt_r_trigger 0.02 --adapt_factor 0.3 --min_max_step 0.0002",
    "scipy": "1.12.0"
  }
}