{
  "timestamp": "2025-09-05 19:19:32",
  "args": {
    "ic": "exp2",
    "alpha": 1.0,
    "tmax": 30.0,
    "dt": 0.002,
    "out": "runs/auto/auto_beta0.497_tau1.019_d0.080_thmin0.962_kc0.156_ke0.429_knued0.269_20250905-191915",
    "elev": 20.0,
    "azim": -60.0,
    "eps": 1e-08,
    "G": 1.0,
    "seed": 0,
    "zero_init": false,
    "no_plots": true,
    "nu0": 0.002,
    "nu_max": 0.2,
    "turb": 0.0,
    "dtg": 1,
    "theta0": 1.0,
    "alpha_dtg": 0.6,
    "beta_dtg": 0.49714345137855115,
    "b_dtg": 0.0,
    "tau_theta": 1.0187668327252628,
    "theta_min": 0.9619138567613933,
    "theta_max": 2.0,
    "dtheta_max": 0.08,
    "k_nu": 0.0,
    "k_nu_ed": 0.26916905559489973,
    "k_ctrl": 0.15557654262431875,
    "k_ctrl_e": 0.42923615984338925,
    "lyap_const": 0.0,
    "no_soften_when_clamped": false,
    "R_esc": 10.0,
    "r_collide": 0.001,
    "r_bin": 0.5,
    "bin_hold": 1.0,
    "adaptive_step": false,
    "adapt_r_trigger": 0.02,
    "adapt_factor": 0.3,
    "min_max_step": 0.0002,
    "chunk": 0.5,
    "lyap_light": false,
    "lyap_light_dt": 0.01,
    "lyap_light_renorm": 50,
    "lyap_spectrum": false,
    "lyap_k": 3,
    "compare": false,
    "nu_scan": [],
    "drift_threshold": 0.05
  },
  "E0": -2.03375,
  "lyap_top": null,
  "lyap_spectrum": null,
  "lyap_score": 0.0,
  "outputs": {
    "csv": "runs/auto/auto_beta0.497_tau1.019_d0.080_thmin0.962_kc0.156_ke0.429_knued0.269_20250905-191915/data/threebody3d_exp2_a1.0_dtg1.csv",
    "csv_diagnostics": "runs/auto/auto_beta0.497_tau1.019_d0.080_thmin0.962_kc0.156_ke0.429_knued0.269_20250905-191915/data/diagnostics_exp2_a1.0_dtg1.csv",
    "fig3d": null,
    "fig_xy": null,
    "drift": null,
    "theta": null,
    "distances": null
  },
  "events": {
    "escaped": false,
    "t_escape": null,
    "collided": false,
    "t_collision": null
  },
  "binary": {
    "flag": false,
    "r_bin": 0.5,
    "hold": 1.0
  },
  "end_state": {
    "rmin": 0.7512886548720525,
    "drift": -0.007434128638581204,
    "theta": 0.9955395836472729,
    "planar": false,
    "zmax": 1.6107942529629804,
    "fig8_phase": 1.3511128723977528,
    "theta_activity": 0.00014868054509090307
  },
  "provenance": {
    "python": "3.9.12 (main, Apr  5 2022, 01:52:34) \n[Clang 12.0.0 ]",
    "platform": "macOS-15.6.1-arm64-arm-64bit",
    "numpy": "1.23.3",
    "pandas": "1.4.4",
    "cmd": "three_body_3d_ns_dtg_v3_3_stable.py --ic exp2 --alpha 1.0 --tmax 30.0 --dt 0.002 --dtg 1 --alpha_dtg 0.6 --beta_dtg 0.49714345137855115 --tau_theta 1.0187668327252628 --dtheta_max 0.08 --theta_min 0.9619138567613933 --theta_max 2.0 --k_ctrl 0.15557654262431875 --k_ctrl_e 0.42923615984338925 --k_nu 0.0 --k_nu_ed 0.26916905559489973 --nu0 0.002 --nu_max 0.2 --out runs/auto/auto_beta0.497_tau1.019_d0.080_thmin0.962_kc0.156_ke0.429_knued0.269_20250905-191915 --no_plots",
    "scipy": "1.12.0"
  }
}