{
  "timestamp": "2025-09-06 08:04:46",
  "args": {
    "ic": "exp2",
    "alpha": 1.0,
    "tmax": 30.0,
    "dt": 0.002,
    "out": "runs/auto/auto_beta0.494_tau0.600_d0.119_thmin0.935_kc0.172_ke0.405_knued0.263_20250906-080424_28548_7434",
    "elev": 20.0,
    "azim": -60.0,
    "eps": 1e-08,
    "G": 1.0,
    "seed": 0,
    "zero_init": false,
    "no_plots": true,
    "nu0": 0.002,
    "nu_max": 0.2,
    "turb": 0.0,
    "dtg": 1,
    "theta0": 1.0,
    "alpha_dtg": 0.6,
    "beta_dtg": 0.49412135817463654,
    "b_dtg": 0.0,
    "tau_theta": 0.6,
    "theta_min": 0.9352781184327955,
    "theta_max": 2.0,
    "dtheta_max": 0.11861809599234137,
    "k_nu": 0.0,
    "k_nu_ed": 0.2632728697228181,
    "k_ctrl": 0.17185267306692228,
    "k_ctrl_e": 0.40482111001534493,
    "lyap_const": 0.0,
    "no_soften_when_clamped": false,
    "R_esc": 10.0,
    "r_collide": 0.001,
    "r_bin": 0.5,
    "bin_hold": 1.0,
    "adaptive_step": false,
    "adapt_r_trigger": 0.02,
    "adapt_factor": 0.3,
    "min_max_step": 0.0002,
    "chunk": 0.5,
    "lyap_light": false,
    "lyap_light_dt": 0.01,
    "lyap_light_renorm": 50,
    "lyap_spectrum": false,
    "lyap_k": 3,
    "compare": false,
    "nu_scan": [],
    "drift_threshold": 0.05
  },
  "E0": -2.03375,
  "lyap_top": null,
  "lyap_spectrum": null,
  "lyap_score": 0.0,
  "outputs": {
    "csv": "runs/auto/auto_beta0.494_tau0.600_d0.119_thmin0.935_kc0.172_ke0.405_knued0.263_20250906-080424_28548_7434/data/threebody3d_exp2_a1.0_dtg1.csv",
    "csv_diagnostics": "runs/auto/auto_beta0.494_tau0.600_d0.119_thmin0.935_kc0.172_ke0.405_knued0.263_20250906-080424_28548_7434/data/diagnostics_exp2_a1.0_dtg1.csv",
    "fig3d": null,
    "fig_xy": null,
    "drift": null,
    "theta": null,
    "distances": null
  },
  "events": {
    "escaped": false,
    "t_escape": null,
    "collided": false,
    "t_collision": null
  },
  "binary": {
    "flag": false,
    "r_bin": 0.5,
    "hold": 1.0
  },
  "end_state": {
    "rmin": 0.5680559650117671,
    "drift": -0.007600411567686947,
    "theta": 0.9954397660841745,
    "planar": false,
    "zmax": 1.614530215564554,
    "fig8_phase": 1.3565483880932192,
    "theta_activity": 0.00015200779719418318
  },
  "provenance": {
    "python": "3.9.12 (main, Apr  5 2022, 01:52:34) \n[Clang 12.0.0 ]",
    "platform": "macOS-15.6.1-arm64-arm-64bit",
    "numpy": "1.23.3",
    "pandas": "1.4.4",
    "cmd": "three_body_3d_ns_dtg_v3_3_stable.py --ic exp2 --alpha 1.0 --tmax 30.0 --dt 0.002 --dtg 1 --alpha_dtg 0.6 --beta_dtg 0.49412135817463654 --tau_theta 0.6 --dtheta_max 0.11861809599234137 --theta_min 0.9352781184327955 --theta_max 2.0 --k_ctrl 0.17185267306692228 --k_ctrl_e 0.40482111001534493 --k_nu 0.0 --k_nu_ed 0.2632728697228181 --nu0 0.002 --nu_max 0.2 --out runs/auto/auto_beta0.494_tau0.600_d0.119_thmin0.935_kc0.172_ke0.405_knued0.263_20250906-080424_28548_7434 --no_plots",
    "scipy": "1.12.0"
  }
}