{
  "timestamp": "2025-09-06 08:19:22",
  "args": {
    "ic": "exp2",
    "alpha": 1.0,
    "tmax": 45.0,
    "dt": 0.002,
    "out": "runs/auto/auto_beta0.620_tau0.689_d0.115_thmin0.936_kc0.293_ke0.650_knued0.190_20250906-081850_35331_4863",
    "elev": 20.0,
    "azim": -60.0,
    "eps": 1e-08,
    "G": 1.0,
    "seed": 0,
    "zero_init": false,
    "no_plots": true,
    "nu0": 0.002,
    "nu_max": 0.2,
    "turb": 0.0,
    "dtg": 1,
    "theta0": 1.0,
    "alpha_dtg": 0.6,
    "beta_dtg": 0.620480899289904,
    "b_dtg": 0.0,
    "tau_theta": 0.6892417388767011,
    "theta_min": 0.9362978965063365,
    "theta_max": 2.0,
    "dtheta_max": 0.1147812200535284,
    "k_nu": 0.0,
    "k_nu_ed": 0.1895083576126636,
    "k_ctrl": 0.293072389128162,
    "k_ctrl_e": 0.6503411761512776,
    "lyap_const": 0.0,
    "no_soften_when_clamped": false,
    "R_esc": 10.0,
    "r_collide": 0.001,
    "r_bin": 0.5,
    "bin_hold": 1.0,
    "adaptive_step": false,
    "adapt_r_trigger": 0.02,
    "adapt_factor": 0.3,
    "min_max_step": 0.0002,
    "chunk": 0.5,
    "lyap_light": false,
    "lyap_light_dt": 0.01,
    "lyap_light_renorm": 50,
    "lyap_spectrum": false,
    "lyap_k": 3,
    "compare": false,
    "nu_scan": [],
    "drift_threshold": 0.05
  },
  "E0": -2.03375,
  "lyap_top": null,
  "lyap_spectrum": null,
  "lyap_score": 0.0,
  "outputs": {
    "csv": "runs/auto/auto_beta0.620_tau0.689_d0.115_thmin0.936_kc0.293_ke0.650_knued0.190_20250906-081850_35331_4863/data/threebody3d_exp2_a1.0_dtg1.csv",
    "csv_diagnostics": "runs/auto/auto_beta0.620_tau0.689_d0.115_thmin0.936_kc0.293_ke0.650_knued0.190_20250906-081850_35331_4863/data/diagnostics_exp2_a1.0_dtg1.csv",
    "fig3d": null,
    "fig_xy": null,
    "drift": null,
    "theta": null,
    "distances": null
  },
  "events": {
    "escaped": false,
    "t_escape": null,
    "collided": false,
    "t_collision": null
  },
  "binary": {
    "flag": false,
    "r_bin": 0.5,
    "hold": 1.0
  },
  "end_state": {
    "rmin": 0.18413813863250406,
    "drift": -0.010556422617490865,
    "theta": 0.9936661777854308,
    "planar": false,
    "zmax": 2.3137473738481367,
    "fig8_phase": 1.2184548299081845,
    "theta_activity": 0.0001407516138964541
  },
  "provenance": {
    "python": "3.9.12 (main, Apr  5 2022, 01:52:34) \n[Clang 12.0.0 ]",
    "platform": "macOS-15.6.1-arm64-arm-64bit",
    "numpy": "1.23.3",
    "pandas": "1.4.4",
    "cmd": "three_body_3d_ns_dtg_v3_3_stable.py --ic exp2 --alpha 1.0 --tmax 45.0 --dt 0.002 --dtg 1 --alpha_dtg 0.6 --beta_dtg 0.620480899289904 --tau_theta 0.6892417388767011 --dtheta_max 0.1147812200535284 --theta_min 0.9362978965063365 --theta_max 2.0 --k_ctrl 0.293072389128162 --k_ctrl_e 0.6503411761512776 --k_nu 0.0 --k_nu_ed 0.1895083576126636 --nu0 0.002 --nu_max 0.2 --out runs/auto/auto_beta0.620_tau0.689_d0.115_thmin0.936_kc0.293_ke0.650_knued0.190_20250906-081850_35331_4863 --no_plots",
    "scipy": "1.12.0"
  }
}