{
  "timestamp": "2025-09-06 07:53:36",
  "args": {
    "ic": "exp2",
    "alpha": 1.0,
    "tmax": 30.0,
    "dt": 0.002,
    "out": "runs/auto/auto_beta0.540_tau0.957_d0.160_thmin0.949_kc0.180_ke0.376_knued0.195_20250906-075314_27536_7104",
    "elev": 20.0,
    "azim": -60.0,
    "eps": 1e-08,
    "G": 1.0,
    "seed": 0,
    "zero_init": false,
    "no_plots": true,
    "nu0": 0.002,
    "nu_max": 0.2,
    "turb": 0.0,
    "dtg": 1,
    "theta0": 1.0,
    "alpha_dtg": 0.6,
    "beta_dtg": 0.5395502063149477,
    "b_dtg": 0.0,
    "tau_theta": 0.9573707032574068,
    "theta_min": 0.9488709835883113,
    "theta_max": 2.0,
    "dtheta_max": 0.16,
    "k_nu": 0.0,
    "k_nu_ed": 0.19473321911166902,
    "k_ctrl": 0.18006179413409312,
    "k_ctrl_e": 0.37559135785734055,
    "lyap_const": 0.0,
    "no_soften_when_clamped": false,
    "R_esc": 10.0,
    "r_collide": 0.001,
    "r_bin": 0.5,
    "bin_hold": 1.0,
    "adaptive_step": false,
    "adapt_r_trigger": 0.02,
    "adapt_factor": 0.3,
    "min_max_step": 0.0002,
    "chunk": 0.5,
    "lyap_light": false,
    "lyap_light_dt": 0.01,
    "lyap_light_renorm": 50,
    "lyap_spectrum": false,
    "lyap_k": 3,
    "compare": false,
    "nu_scan": [],
    "drift_threshold": 0.05
  },
  "E0": -2.03375,
  "lyap_top": null,
  "lyap_spectrum": null,
  "lyap_score": 0.0,
  "outputs": {
    "csv": "runs/auto/auto_beta0.540_tau0.957_d0.160_thmin0.949_kc0.180_ke0.376_knued0.195_20250906-075314_27536_7104/data/threebody3d_exp2_a1.0_dtg1.csv",
    "csv_diagnostics": "runs/auto/auto_beta0.540_tau0.957_d0.160_thmin0.949_kc0.180_ke0.376_knued0.195_20250906-075314_27536_7104/data/diagnostics_exp2_a1.0_dtg1.csv",
    "fig3d": null,
    "fig_xy": null,
    "drift": null,
    "theta": null,
    "distances": null
  },
  "events": {
    "escaped": false,
    "t_escape": null,
    "collided": false,
    "t_collision": null
  },
  "binary": {
    "flag": false,
    "r_bin": 0.5,
    "hold": 1.0
  },
  "end_state": {
    "rmin": 0.5411992954818334,
    "drift": -0.010272085859018612,
    "theta": 0.9938369004852533,
    "planar": false,
    "zmax": 1.6744316188289008,
    "fig8_phase": 1.438164944478987,
    "theta_activity": 0.0002054366504915565
  },
  "provenance": {
    "python": "3.9.12 (main, Apr  5 2022, 01:52:34) \n[Clang 12.0.0 ]",
    "platform": "macOS-15.6.1-arm64-arm-64bit",
    "numpy": "1.23.3",
    "pandas": "1.4.4",
    "cmd": "three_body_3d_ns_dtg_v3_3_stable.py --ic exp2 --alpha 1.0 --tmax 30.0 --dt 0.002 --dtg 1 --alpha_dtg 0.6 --beta_dtg 0.5395502063149477 --tau_theta 0.9573707032574068 --dtheta_max 0.16 --theta_min 0.9488709835883113 --theta_max 2.0 --k_ctrl 0.18006179413409312 --k_ctrl_e 0.37559135785734055 --k_nu 0.0 --k_nu_ed 0.19473321911166902 --nu0 0.002 --nu_max 0.2 --out runs/auto/auto_beta0.540_tau0.957_d0.160_thmin0.949_kc0.180_ke0.376_knued0.195_20250906-075314_27536_7104 --no_plots",
    "scipy": "1.12.0"
  }
}