{
  "timestamp": "2025-09-06 07:43:16",
  "args": {
    "ic": "exp2",
    "alpha": 1.0,
    "tmax": 60.0,
    "dt": 0.002,
    "out": "runs/exploit_top06_beta0.491_tau0.792",
    "elev": 20.0,
    "azim": -60.0,
    "eps": 1e-08,
    "G": 1.0,
    "seed": 0,
    "zero_init": false,
    "no_plots": false,
    "nu0": 0.002,
    "nu_max": 0.2,
    "turb": 0.0,
    "dtg": 1,
    "theta0": 1.0,
    "alpha_dtg": 0.6,
    "beta_dtg": 0.4911452988210474,
    "b_dtg": 0.0,
    "tau_theta": 0.7918646234324753,
    "theta_min": 0.9447379877078362,
    "theta_max": 2.0,
    "dtheta_max": 0.13776198014318408,
    "k_nu": 0.0,
    "k_nu_ed": 0.29781763409092565,
    "k_ctrl": 0.2734466301700241,
    "k_ctrl_e": 0.4896195995480615,
    "lyap_const": 0.0,
    "no_soften_when_clamped": false,
    "R_esc": 10.0,
    "r_collide": 0.001,
    "r_bin": 0.5,
    "bin_hold": 1.0,
    "adaptive_step": true,
    "adapt_r_trigger": 0.02,
    "adapt_factor": 0.3,
    "min_max_step": 0.0002,
    "chunk": 0.5,
    "lyap_light": true,
    "lyap_light_dt": 0.01,
    "lyap_light_renorm": 50,
    "lyap_spectrum": false,
    "lyap_k": 3,
    "compare": false,
    "nu_scan": [],
    "drift_threshold": 0.05
  },
  "E0": -2.03375,
  "lyap_top": 0.7951286391393368,
  "lyap_spectrum": null,
  "lyap_score": 0.7951286391393368,
  "outputs": {
    "csv": "runs/exploit_top06_beta0.491_tau0.792/data/threebody3d_exp2_a1.0_dtg1.csv",
    "csv_diagnostics": "runs/exploit_top06_beta0.491_tau0.792/data/diagnostics_exp2_a1.0_dtg1.csv",
    "fig3d": "runs/exploit_top06_beta0.491_tau0.792/figures/threebody3d_exp2_a1.0_dtg1.png",
    "fig_xy": "runs/exploit_top06_beta0.491_tau0.792/figures/xy_exp2_a1.0_dtg1.png",
    "drift": "runs/exploit_top06_beta0.491_tau0.792/figures/energy_drift_exp2_a1.0_dtg1.png",
    "theta": "runs/exploit_top06_beta0.491_tau0.792/figures/theta_exp2_a1.0_dtg1.png",
    "distances": "runs/exploit_top06_beta0.491_tau0.792/figures/distances_exp2_a1.0_dtg1.png"
  },
  "events": {
    "escaped": true,
    "t_escape": 47.62122138997507,
    "collided": false,
    "t_collision": null
  },
  "binary": {
    "flag": true,
    "r_bin": 0.5,
    "hold": 1.0
  },
  "end_state": {
    "rmin": 0.3701120112032643,
    "drift": -0.006720934998924573,
    "theta": 0.605443771982256,
    "planar": false,
    "zmax": 3.1409493456334503,
    "fig8_phase": 1.6923109645544827,
    "theta_activity": 0.006575937133839499
  },
  "provenance": {
    "python": "3.9.12 (main, Apr  5 2022, 01:52:34) \n[Clang 12.0.0 ]",
    "platform": "macOS-15.6.1-arm64-arm-64bit",
    "numpy": "1.23.3",
    "pandas": "1.4.4",
    "cmd": "three_body_3d_ns_dtg_v3_3_stable.py --ic exp2 --alpha 1.0 --dtg 1 --dt 0.002 --tmax 60 --alpha_dtg 0.6 --beta_dtg 0.4911452988210474 --tau_theta 0.7918646234324753 --dtheta_max 0.13776198014318408 --theta_min 0.9447379877078362 --theta_max 2.0 --k_ctrl 0.2734466301700241 --k_ctrl_e 0.4896195995480615 --k_nu 0.0 --k_nu_ed 0.29781763409092565 --nu0 0.002 --nu_max 0.2 --lyap_light --adaptive_step --out runs/exploit_top06_beta0.491_tau0.792",
    "scipy": "1.12.0"
  }
}